t,w,x,y,z,ax,ay,az
9,0.9999,0.0012,-0.0016,0.0077,0.0039,0.0015,1.007
6,0.9999,0.0011,-0.0015,0.0077,0.0034,-0.0009,0.9977
6,0.9999,0.001,-0.0013,0.0077,0.001,-0.0024,0.9906
6,0.9999,0.001,-0.0012,0.0077,-0.0005,-0.0032,0.9894
7,0.9999,0.001,-0.0012,0.0077,-0.0009,-0.0027,0.9933
6,0.9999,0.001,-0.0011,0.0078,-0.0007,-0.0009,0.998
5,0.9999,0.001,-0.0011,0.0078,-0.0002,0.0006,0.9985
5,0.9999,0.001,-0.001,0.0078,-0.0002,0.0017,0.9966
7,0.9999,0.001,-0.001,0.0078,-0.0004,0.0022,0.9962
6,0.9999,0.001,-0.001,0.0078,-0.0004,0.0022,0.999
6,0.9999,0.001,-0.001,0.0078,-0.0001,0.002,1.0013
6,0.9999,0.001,-0.001,0.0078,-0.0001,0.0013,1.0005
6,0.9999,0.001,-0.001,0.0078,-0.0002,0.0007,0.9983
5,0.9999,0.001,-0.001,0.0078,-0.0004,0,0.9978
5,0.9999,0.001,-0.001,0.0078,-0.0005,0,0.9989
6,0.9999,0.001,-0.001,0.0078,-0.0006,0,0.9998
6,0.9999,0.001,-0.001,0.0078,-0.0007,0.0005,0.9993
6,0.9999,0.001,-0.001,0.0078,-0.0002,0.0006,0.9983
6,0.9999,0.001,-0.001,0.0078,0.0002,0.0006,0.9983
6,0.9999,0.001,-0.001,0.0078,0.0012,0.0005,0.9996
5,0.9999,0.001,-0.001,0.0078,0.0022,0.0004,1.0005
7,0.9999,0.001,-0.001,0.0078,0.0028,0.0004,1.0001
6,0.9999,0.001,-0.001,0.0078,0.0033,0.0004,0.9984
6,0.9999,0.001,-0.001,0.0078,0.0032,0.0004,0.9979
6,0.9999,0.001,-0.001,0.0078,0.0027,0.0002,0.9989
7,0.9999,0.001,-0.001,0.0078,0.0022,0.0001,0.9989
5,0.9999,0.001,-0.001,0.0078,0.0018,0.0004,0.9989
5,0.9999,0.001,-0.001,0.0078,0.0017,0.0007,0.9989
6,0.9999,0.001,-0.001,0.0078,0.0013,0.0006,0.9993
7,0.9999,0.001,-0.001,0.0078,0.0007,0.0006,1.0001
6,0.9999,0.001,-0.001,0.0078,0.0006,0.001,1.0006
6,0.9999,0.001,-0.001,0.0078,0.0005,0.001,1.0001
5,0.9999,0.001,-0.001,0.0078,0.0002,0.0012,0.9996
5,0.9999,0.001,-0.001,0.0078,-0.0002,0.0012,0.9996
6,0.9999,0.001,-0.001,0.0078,-0.0005,0.0011,0.9999
6,0.9999,0.001,-0.001,0.0078,-0.0006,0.0011,0.9996
6,0.9999,0.001,-0.001,0.0078,-0.0005,0.001,0.9995
6,0.9999,0.001,-0.001,0.0078,-0.0001,0.001,0.9995
7,0.9999,0.001,-0.001,0.0078,-0.0001,0.0009,0.9995
5,0.9999,0.001,-0.001,0.0078,-0.0002,0.0004,0.9998
5,0.9999,0.001,-0.001,0.0078,-0.0002,0.0005,0.9999
6,0.9999,0.001,-0.001,0.0078,-0.0002,0.001,0.9999
7,0.9999,0.001,-0.001,0.0078,-0.0001,0.001,1.0002
6,0.9999,0.001,-0.001,0.0078,0,0.0005,1.0004
6,0.9999,0.001,-0.001,0.0078,0.0005,0.0006,1.0005
6,0.9999,0.001,-0.001,0.0078,0.001,0.0009,1.0006
6,0.9999,0.001,-0.001,0.0078,0.0016,0.0011,1.0006
6,0.9999,0.001,-0.001,0.0078,0.0021,0.0011,1.0006
6,0.9999,0.001,-0.001,0.0078,0.0023,0.0009,1.0009
6,0.9999,0.0009,-0.001,0.0078,0.0021,0.0005,1.0004
6,0.9999,0.0009,-0.001,0.0078,0.0017,0.0005,0.9999
6,0.9999,0.0009,-0.001,0.0078,0.0011,0.0004,1.0001
5,0.9999,0.0009,-0.001,0.0078,0.0002,0.0004,1.0002
17,0.9999,0.0009,-0.001,0.0078,-0.0002,0.0005,0.9998
16,0.9999,0.0009,-0.001,0.0078,-0.0001,0.001,0.9993
15,0.9999,0.0009,-0.001,0.0078,-0.0001,0.0009,0.999
17,0.9999,0.0009,-0.001,0.0078,0.0002,0.0007,0.9988
15,0.9999,0.0009,-0.001,0.0078,0.0007,0.0009,0.9999
17,0.9999,0.0009,-0.001,0.0078,0.0013,0.0006,0.9999
15,0.9999,0.0009,-0.001,0.0078,0.0018,0.0002,0.9994
17,0.9999,0.0009,-0.001,0.0078,0.0021,0.0005,1
15,0.9999,0.0009,-0.001,0.0078,0.0018,0.0005,1.0004
17,0.9999,0.0009,-0.001,0.0078,0.0013,0.0004,1
15,0.9999,0.0009,-0.001,0.0078,-0.0001,0.0009,1.0004
16,0.9999,0.0009,-0.001,0.0078,-0.0007,0.0007,1.0015
15,0.9999,0.0009,-0.001,0.0078,-0.0013,0.0007,0.9995
16,0.9999,0.0009,-0.0009,0.0078,-0.0009,0.0002,0.9999
16,0.9999,0.0009,-0.0009,0.0078,-0.0002,0.0004,1.0006
15,0.9999,0.0009,-0.0009,0.0078,-0.0002,0.0004,1.0001
16,0.9999,0.0009,-0.001,0.0078,0.0004,-0.0001,0.9991
15,0.9999,0.0009,-0.001,0.0078,0.002,-0.0002,0.9995
16,0.9999,0.0009,-0.001,0.0079,0.0023,0.0002,0.9998
15,0.9999,0.0009,-0.001,0.0079,0.0023,0.0001,0.9998
17,0.9999,0.0008,-0.0011,0.0079,0.0026,-0.0009,0.9989
15,0.9999,0.0008,-0.0012,0.0079,0.0042,-0.0007,0.9979
17,0.9999,0.0008,-0.0012,0.0079,0.0062,0.0033,0.9984
15,0.9999,0.001,-0.0015,0.0079,0.0112,0.0131,1
16,0.9999,0.0012,-0.0019,0.0083,-0.0243,0.0258,1.0005
15,0.9999,0.0007,-0.0021,0.0126,-0.1132,0.0115,0.9923
16,0.9998,0.0002,-0.0023,0.0195,-0.0508,0.0181,1.0012
16,0.9997,0.0002,-0.0049,0.0224,0.0272,0.0122,1.0115
16,0.9996,0.0012,-0.0058,0.0252,0.0293,0.0199,1.0239
16,0.9996,0.0019,-0.0066,0.0279,0.0406,0.0043,1.033
16,0.9995,0.0023,-0.0081,0.0301,0.0365,0.0007,1.0251
16,0.9994,0.0035,-0.0094,0.0326,0.0298,0.03,1.0137
15,0.9993,0.0052,-0.0093,0.0346,0.0415,0.0782,1.0305
16,0.9993,0.008,-0.0098,0.0339,0.0398,0.1184,1.0795
15,0.9993,0.012,-0.0128,0.0311,0.0709,0.1335,1.1405
15,0.9993,0.0174,-0.0172,0.0261,0.0756,0.1534,1.1626
15,0.9993,0.0214,-0.0206,0.0211,0.0526,0.1914,1.137
16,0.9994,0.0219,-0.0201,0.0175,0.0315,0.2059,1.1112
15,0.9995,0.0204,-0.0169,0.0162,0.0155,0.1749,1.098
16,0.9996,0.0211,-0.011,0.0164,0.0129,0.1398,1.0765
15,0.9995,0.0253,-0.0054,0.018,0.007,0.1333,1.0498
16,0.9993,0.0313,-0.006,0.0187,-0.0195,0.1577,1.0034
16,0.9991,0.0357,-0.0145,0.018,-0.0393,0.1683,0.9471
16,0.9988,0.0375,-0.0263,0.0173,-0.0159,0.1615,0.9093
16,0.9984,0.0381,-0.0374,0.0169,0.0435,0.1476,0.895
16,0.9981,0.0385,-0.0447,0.0162,0.1184,0.1346,0.9095
16,0.998,0.0391,-0.0469,0.0146,0.1481,0.1245,0.9594
15,0.9981,0.0394,-0.0452,0.0112,0.1418,0.1367,0.9683
15,0.9982,0.0385,-0.0444,0.008,0.1323,0.1356,0.9351
15,0.9983,0.0363,-0.0451,0.0069,0.1001,0.1093,0.9098
15,0.9984,0.0338,-0.0435,0.008,0.0704,0.0579,0.9104
15,0.9987,0.0312,-0.0375,0.0085,0.0718,0.0344,0.8962
16,0.9991,0.0275,-0.028,0.0087,0.0825,0.0142,0.9314
15,0.9995,0.0242,-0.0211,0.008,0.0914,-0.0122,0.9792
16,0.9995,0.0228,-0.0209,0.0076,0.0704,-0.0225,0.9812
16,0.9995,0.0203,-0.0242,0.008,0.0283,-0.0322,0.9408
16,0.9993,0.0142,-0.0331,0.009,0.0254,-0.0393,0.9121
16,0.999,0.0048,-0.0441,0.0101,0.0625,-0.0447,0.9487
16,0.9987,-0.0021,-0.0482,0.011,0.1002,-0.0709,1.0284
16,0.9988,-0.0044,-0.0458,0.0125,0.103,-0.0801,1.0734
16,0.999,-0.0037,-0.0407,0.0138,0.0776,-0.0757,1.0492
15,0.9992,-0.0026,-0.0356,0.0148,0.0814,-0.0621,0.9996
16,0.9995,-0.0029,-0.0289,0.0159,0.0784,-0.0627,0.996
15,0.9996,-0.0042,-0.0206,0.0167,0.0521,-0.0642,1.0127
15,0.9998,-0.0053,-0.0092,0.0174,0.0057,-0.0548,1.0018
15,0.9998,-0.0062,0.0007,0.0191,-0.0404,-0.0303,0.9391
15,0.9997,-0.0083,0.0069,0.0214,-0.0541,-0.0214,0.9031
15,0.9996,-0.012,0.0071,0.0246,0.0081,-0.0343,0.9229
16,0.9995,-0.0148,0.0058,0.0265,0.0466,-0.068,0.968
16,0.9995,-0.015,0.0038,0.0281,0.0471,-0.0654,1.0002
16,0.9993,-0.0158,-0.0003,0.0319,0.0428,-0.066,0.9824
16,0.9991,-0.0194,-0.0018,0.0359,0.0259,-0.0696,0.9604
16,0.9988,-0.027,-0.0066,0.0401,0.0585,-0.0782,0.9988
16,0.9983,-0.0383,-0.0098,0.0422,0.0297,-0.1031,1.0404
16,0.9979,-0.0472,-0.0051,0.0433,-0.0363,-0.1537,1.0579
16,0.9977,-0.0491,-0.0023,0.0458,-0.0309,-0.1766,1.0374
15,0.9978,-0.0463,-0.0015,0.0467,-0.0128,-0.1791,0.9968
16,0.998,-0.0437,0.0038,0.0445,-0.0033,-0.1641,0.99
15,0.9981,-0.0421,0.0096,0.0425,-0.0321,-0.1357,0.9944
15,0.9982,-0.0413,0.0106,0.0417,-0.0398,-0.1161,1.0013
15,0.9982,-0.0416,0.0109,0.0411,-0.0284,-0.1019,1.0161
16,0.9981,-0.0436,0.0106,0.0411,-0.0347,-0.1029,0.999
15,0.9979,-0.0482,0.0112,0.0424,-0.0566,-0.115,0.9607
16,0.9975,-0.0541,0.011,0.0433,-0.0586,-0.1062,0.9297
16,0.9971,-0.061,0.0084,0.0439,-0.0459,-0.0876,0.9138
16,0.9966,-0.0684,0.0082,0.0438,-0.0531,-0.0911,0.9226
16,0.9962,-0.0746,0.0088,0.043,-0.02,-0.0973,0.9375
16,0.996,-0.0795,0.007,0.0402,-0.0001,-0.1105,0.9639
16,0.9958,-0.0831,0.0021,0.0369,-0.0092,-0.1333,0.9834
15,0.9957,-0.0853,-0.001,0.0344,-0.046,-0.1671,0.9819
16,0.9956,-0.087,-0.0005,0.0334,-0.0635,-0.1813,0.9725
15,0.9953,-0.0904,0.001,0.0334,-0.0526,-0.1901,0.9736
16,0.9949,-0.0945,0.0028,0.0331,-0.0397,-0.1945,0.9922
15,0.9948,-0.0962,0.0028,0.033,-0.0209,-0.2015,1.0125
16,0.9948,-0.0958,0.0014,0.0327,0.0004,-0.2089,1.0093
15,0.9948,-0.0964,-0.0021,0.0322,0.0283,-0.2106,0.9794
16,0.9946,-0.0986,-0.005,0.0307,0.0518,-0.214,0.9618
15,0.9945,-0.0999,-0.0071,0.0291,0.048,-0.2219,0.9751
16,0.9946,-0.0996,-0.0092,0.0285,0.0225,-0.2322,1.0007
15,0.9946,-0.0984,-0.0121,0.0289,0.0249,-0.2444,1.0176
16,0.9948,-0.0971,-0.0125,0.0286,0.0411,-0.2405,1.0065
16,0.9949,-0.0958,-0.0116,0.0273,0.0337,-0.2328,0.9773
15,0.995,-0.0955,-0.0105,0.0264,0.0049,-0.2284,0.9662
16,0.995,-0.0956,-0.012,0.026,0.0226,-0.222,0.9791
15,0.9949,-0.0958,-0.0139,0.0252,0.046,-0.2205,0.9933
16,0.995,-0.0958,-0.0134,0.0245,0.0393,-0.2245,0.984
15,0.995,-0.0959,-0.0132,0.0243,0.0171,-0.2378,0.9795
16,0.9948,-0.0981,-0.0131,0.0244,0.0068,-0.2404,0.9752
15,0.9945,-0.1008,-0.0114,0.0243,-0.0034,-0.2401,0.964
17,0.9944,-0.1021,-0.011,0.0248,-0.0137,-0.248,0.9592
15,0.9942,-0.1032,-0.0119,0.0257,-0.0132,-0.2534,0.9659
17,0.9938,-0.1068,-0.0134,0.0264,-0.0146,-0.2557,0.9607
15,0.9933,-0.1114,-0.0148,0.0268,-0.0116,-0.2585,0.9625
16,0.9929,-0.1147,-0.016,0.0269,-0.0111,-0.2689,0.9894
15,0.9928,-0.1154,-0.0156,0.027,-0.0092,-0.2841,1.0115
15,0.993,-0.1136,-0.0139,0.0274,-0.0087,-0.2946,1.0132
16,0.9933,-0.1108,-0.0115,0.0281,-0.005,-0.2971,0.9977
15,0.9938,-0.1071,-0.0104,0.0287,0.0029,-0.301,0.99
16,0.9942,-0.1028,-0.0097,0.0291,-0.0002,-0.3015,0.9836
15,0.9946,-0.0992,-0.008,0.0295,-0.0103,-0.2971,0.9695
16,0.9948,-0.0973,-0.0061,0.03,-0.0034,-0.29,0.9663
15,0.9948,-0.0966,-0.0045,0.03,-0.0042,-0.2825,0.9869
17,0.9948,-0.0968,-0.0024,0.0299,-0.0333,-0.2786,1.0126
15,0.9948,-0.0973,-0.0004,0.0302,-0.0466,-0.2698,1.0316
17,0.9948,-0.097,0.0013,0.03,-0.0187,-0.254,1.0376
15,0.9949,-0.0959,0.0048,0.0285,-0.0031,-0.2501,0.9995
17,0.9951,-0.0948,0.0073,0.0267,-0.0148,-0.2555,0.9521
15,0.9951,-0.0946,0.0073,0.0257,-0.0402,-0.2686,0.9761
16,0.9952,-0.0939,0.0076,0.0257,-0.0457,-0.2755,1.049
15,0.9954,-0.0907,0.009,0.0268,-0.0291,-0.269,1.0709
15,0.9958,-0.0855,0.0109,0.0286,-0.0085,-0.2656,1.0303
15,0.9962,-0.0804,0.0123,0.0308,-0.0018,-0.2604,0.9835
15,0.9963,-0.0775,0.0145,0.033,-0.0464,-0.2433,0.9568
16,0.9962,-0.0769,0.0178,0.0352,-0.0487,-0.2103,0.9597
15,0.9962,-0.0753,0.0219,0.0367,-0.0292,-0.1893,0.9801
17,0.9965,-0.0702,0.0236,0.0388,-0.0287,-0.1832,1.0063
15,0.9968,-0.0637,0.0247,0.0414,-0.0739,-0.1471,0.978
17,0.9968,-0.0605,0.0273,0.0444,-0.0876,-0.0922,0.9309
15,0.9967,-0.0592,0.03,0.046,-0.0448,-0.0583,0.9294
17,0.9968,-0.0568,0.0314,0.0462,-0.0243,-0.0364,0.921
15,0.997,-0.0546,0.0297,0.0455,-0.0214,-0.0421,0.9353
17,0.9973,-0.052,0.0272,0.044,-0.0262,-0.0453,0.963
15,0.9975,-0.0498,0.0253,0.0426,-0.016,-0.0258,0.9692
16,0.9977,-0.0477,0.0231,0.0423,0.0015,-0.0005,0.9778
15,0.9977,-0.0458,0.0224,0.0427,-0.0122,0.0092,0.9899
15,0.9979,-0.0433,0.0221,0.0433,-0.0249,0.0042,1.0028
15,0.998,-0.0396,0.0203,0.0432,-0.0321,-0.0009,1.0013
15,0.9983,-0.0359,0.0182,0.0422,-0.0386,-0.0028,0.9901
16,0.9984,-0.033,0.0161,0.0413,-0.0275,-0.0005,0.985
15,0.9985,-0.031,0.0149,0.0408,-0.0211,0.0081,0.9968
17,0.9986,-0.0302,0.0161,0.0401,-0.0262,0.0066,0.9994
15,0.9986,-0.0297,0.0175,0.0391,-0.0334,0.002,0.9839
17,0.9987,-0.0295,0.0173,0.0381,-0.042,0.0004,0.9546
15,0.9987,-0.0306,0.0167,0.0372,-0.0562,-0.0087,0.9395
17,0.9987,-0.0323,0.0168,0.0361,-0.0608,-0.0197,0.9513
15,0.9987,-0.0331,0.0162,0.0353,-0.0398,-0.0126,0.972
16,0.9987,-0.0332,0.0146,0.0349,-0.0129,0.0001,0.9912
15,0.9988,-0.0328,0.0148,0.0337,-0.0142,0.0016,0.9938
16,0.9988,-0.0317,0.0154,0.0324,-0.0336,-0.0107,0.9872
15,0.9989,-0.0303,0.0154,0.031,-0.0385,-0.0193,0.9811
15,0.999,-0.0295,0.0156,0.0298,-0.0353,-0.0183,0.9802
15,0.999,-0.03,0.0159,0.0291,-0.0269,-0.0193,1.0026
15,0.999,-0.0308,0.0162,0.0292,-0.0239,-0.0315,1.0215
16,0.9989,-0.0312,0.015,0.0297,-0.0313,-0.048,1.024
15,0.999,-0.0306,0.0134,0.0306,-0.0498,-0.0562,1.0194
17,0.999,-0.0298,0.0135,0.0316,-0.0652,-0.0575,1.01
15,0.9989,-0.029,0.0146,0.0322,-0.0576,-0.0568,0.9982
17,0.999,-0.0275,0.0156,0.0327,-0.0417,-0.0424,0.9921
15,0.999,-0.0259,0.0155,0.0333,-0.0436,-0.0167,0.9905
16,0.999,-0.0253,0.0159,0.0341,-0.0558,-0.007,0.9862
15,0.9989,-0.0248,0.0177,0.0341,-0.0529,-0.0162,0.9834
16,0.999,-0.0237,0.0189,0.0331,-0.0275,-0.0304,0.9797
15,0.999,-0.0223,0.0186,0.0316,-0.0084,-0.0402,0.9856
16,0.9991,-0.022,0.0174,0.0305,-0.0012,-0.0496,1.0042
15,0.9991,-0.0226,0.0168,0.0297,-0.0089,-0.0635,1.0232
16,0.9991,-0.0229,0.0175,0.0296,-0.0275,-0.0762,1.0332
16,0.9991,-0.0219,0.0191,0.03,-0.049,-0.0763,1.0385
15,0.9991,-0.0197,0.0212,0.0302,-0.0594,-0.0685,1.0419
16,0.9991,-0.0163,0.0244,0.0297,-0.0697,-0.0587,1.0251
15,0.9991,-0.0126,0.0268,0.0291,-0.0667,-0.0566,0.9924
17,0.9991,-0.0085,0.0272,0.0286,-0.054,-0.0497,0.9729
15,0.9991,-0.0054,0.0277,0.0281,-0.056,-0.0361,0.9768
16,0.9991,-0.0044,0.0306,0.0279,-0.0583,-0.0303,0.9806
15,0.999,-0.0043,0.0332,0.0276,-0.0408,-0.0286,0.9838
16,0.999,-0.0031,0.034,0.0272,-0.0416,-0.0198,0.9922
15,0.999,-0.0012,0.0349,0.0264,-0.0533,-0.0142,0.998
16,0.999,0.0006,0.0344,0.0258,-0.0614,-0.0171,0.9972
15,0.9991,0.0018,0.0315,0.0259,-0.056,-0.0244,0.9899
16,0.9992,0.0024,0.0273,0.027,-0.0416,-0.0269,0.9796
16,0.9993,0.0017,0.0231,0.0283,-0.0293,-0.0261,0.9724
16,0.9993,-0.0004,0.0192,0.0297,-0.0161,-0.0261,0.975
16,0.9993,-0.0028,0.0161,0.0308,-0.0204,-0.0167,0.991
15,0.9993,-0.0052,0.0156,0.0313,-0.0415,-0.0138,1.0168
16,0.9993,-0.0068,0.017,0.0319,-0.0555,-0.028,1.0319
15,0.9993,-0.0065,0.0175,0.0331,-0.0248,-0.0343,1.0319
15,0.9993,-0.0042,0.0172,0.0338,0.0073,-0.0195,1.0356
15,0.9992,-0.002,0.0189,0.0338,-0.0226,-0.0015,1.0371
16,0.9991,-0.0014,0.0225,0.0342,-0.0656,0.004,1.0259
15,0.999,-0.0013,0.0261,0.0344,-0.0754,-0.0093,1.0093
16,0.999,-0.0007,0.0276,0.0345,-0.0624,-0.0204,0.9747
15,0.999,-0.0004,0.0258,0.0352,-0.0529,-0.0266,0.9562
16,0.999,-0.0007,0.0228,0.0367,-0.0562,-0.0306,0.9626
16,0.999,-0.0011,0.0215,0.0389,-0.0649,-0.0414,0.9741
16,0.9988,-0.0009,0.0221,0.0422,-0.0757,-0.033,0.9615
16,0.9987,-0.0004,0.0226,0.0454,-0.0546,-0.0128,0.9585
16,0.9986,0.0001,0.022,0.0474,-0.0179,0.0018,0.9708
16,0.9986,0.0012,0.0211,0.0483,-0.0255,0.0061,0.9927
16,0.9985,0.0035,0.0192,0.0508,-0.0941,-0.0046,1.0105
16,0.9982,0.0063,0.0156,0.0561,-0.0964,0.0021,0.9939
15,0.998,0.0074,0.0103,0.0615,-0.0269,0.0304,0.991
16,0.9978,0.0067,0.0029,0.0654,0.03,0.0396,1.002
15,0.9976,0.0053,-0.0032,0.0688,0.0428,0.0277,1.0015
15,0.9973,0.0044,-0.007,0.0721,0.0542,0.0248,0.9821
15,0.9971,0.0026,-0.0092,0.0748,0.0557,0.0364,0.9541
16,0.997,-0.0004,-0.0108,0.0762,0.0724,0.0394,0.9576
16,0.9971,-0.0024,-0.0103,0.075,0.0908,0.031,0.9943
16,0.9973,-0.0019,-0.0074,0.0721,0.0475,0.0334,1.0143
16,0.9974,-0.0005,-0.0046,0.0715,-0.0447,0.0497,0.985
16,0.9973,-0.0003,-0.0018,0.0732,-0.1002,0.0582,0.962
16,0.9971,-0.0005,0.0002,0.0756,-0.0538,0.0475,0.9869
16,0.9969,0.0007,-0.0022,0.0773,0.0356,0.0315,1.0254
16,0.997,0.0035,-0.0063,0.0763,0.0779,0.0118,1.0562
16,0.9973,0.0068,-0.0059,0.0731,0.0684,0.0275,1.0269
15,0.9975,0.0077,-0.0034,0.0693,0.0254,0.033,0.9756
15,0.9977,0.0062,-0.003,0.0671,-0.0093,0.032,0.9609
15,0.9978,0.0046,-0.0038,0.0652,-0.0155,0.0334,0.9868
15,0.998,0.0042,-0.003,0.0627,0.0118,0.0302,1.0171
15,0.9982,0.0035,0.0018,0.0593,0.0187,0.048,0.9906
15,0.9984,-0.0002,0.0052,0.0552,0.0028,0.0509,0.965
16,0.9987,-0.0049,0.0065,0.0505,-0.0271,0.0332,0.9969
16,0.9988,-0.0082,0.0079,0.0464,-0.0527,0.0118,1.0348
16,0.9989,-0.0098,0.0118,0.0429,-0.0438,0.0046,1.0214
16,0.9991,-0.0106,0.015,0.0376,0.0006,0.0208,0.9818
16,0.9993,-0.0118,0.0163,0.0308,0.0236,0.0328,0.9552
16,0.9995,-0.0126,0.0168,0.0234,0.0139,0.0251,0.9607
16,0.9996,-0.0119,0.0164,0.0157,0.0043,0.0347,0.9786
15,0.9997,-0.0128,0.0175,0.0085,-0.0348,0.022,0.99
16,0.9997,-0.0151,0.0176,0.0057,-0.0347,0.0188,1.0046
15,0.9998,-0.0144,0.0142,0.0015,0.011,0.0422,1.024
16,0.9998,-0.0139,0.011,-0.0034,-0.0331,0.0369,1.0405
15,0.9998,-0.0117,0.0104,-0.0079,-0.0587,0.0427,1.0251
15,0.9998,-0.0093,0.0125,-0.0137,-0.0826,0.0516,1.0135
15,0.9996,-0.0089,0.0175,-0.0198,-0.0781,0.0614,0.995
16,0.9994,-0.0106,0.0209,-0.0249,-0.0614,0.0472,0.9769
15,0.9993,-0.0123,0.0211,-0.0285,-0.0624,0.0223,1.0087
16,0.9992,-0.0125,0.0199,-0.0306,-0.0477,-0.0044,1.0415
16,0.9992,-0.0113,0.0186,-0.0323,-0.0382,-0.01,1.059
16,0.9992,-0.0099,0.0189,-0.0336,-0.0577,0.0094,1.0469
16,0.9991,-0.0098,0.019,-0.0344,-0.0801,0.0133,1.0249
16,0.9991,-0.0097,0.0184,-0.0342,-0.0817,-0.0035,1.0153
16,0.9992,-0.0085,0.0182,-0.0342,-0.0795,-0.0109,0.9948
15,0.9992,-0.0074,0.0185,-0.0341,-0.071,-0.0081,0.9752
16,0.9992,-0.0067,0.0187,-0.0336,-0.0624,-0.0006,0.9806
15,0.9993,-0.0059,0.0182,-0.0321,-0.0505,0.0052,1.0095
16,0.9993,-0.0047,0.0188,-0.0303,-0.0398,0.0004,1.0382
15,0.9993,-0.0021,0.0209,-0.0293,-0.0422,0.0087,1.0377
17,0.9993,0.001,0.0225,-0.0281,-0.0706,0.0237,1.0243
15,0.9993,0.0041,0.0237,-0.0263,-0.094,0.0334,1.0229
16,0.9993,0.0076,0.0249,-0.0246,-0.0863,0.0492,1.0233
15,0.9993,0.0103,0.0266,-0.023,-0.0665,0.0643,1.0217
16,0.9993,0.0112,0.0289,-0.0209,-0.0765,0.0807,1.0043
16,0.9993,0.0111,0.0314,-0.0177,-0.0953,0.0808,0.9819
15,0.9993,0.011,0.0338,-0.0133,-0.106,0.0798,0.9584
16,0.9993,0.0107,0.0344,-0.0084,-0.0957,0.0851,0.9561
15,0.9993,0.0096,0.0335,-0.0037,-0.0721,0.0887,0.9819
16,0.9995,0.0076,0.0322,0.0009,-0.0491,0.0945,1.001
15,0.9995,0.0044,0.0309,0.0054,-0.0322,0.0776,1
16,0.9995,0.0017,0.0311,0.0087,-0.0355,0.0546,0.9928
15,0.9994,0.0007,0.0319,0.0116,-0.04,0.0303,1.0013
16,0.9993,0.0007,0.0338,0.015,-0.0475,0.0256,1.007
15,0.9991,0.0004,0.0351,0.0187,-0.053,0.0231,1.005
17,0.9991,0.0006,0.0354,0.0225,-0.0515,0.0055,1.0006
15,0.999,0.0015,0.036,0.0265,-0.056,-0.009,0.9977
16,0.9988,0.0021,0.0363,0.0306,-0.0332,-0.0294,1.0117
15,0.9987,0.0029,0.036,0.0347,0.0005,-0.0658,1.0118
16,0.9987,0.0056,0.0326,0.0379,0.0021,-0.0555,0.9943
15,0.9987,0.0106,0.0275,0.0413,-0.0208,-0.0492,0.9799
15,0.9985,0.0163,0.0245,0.045,-0.0436,-0.0552,0.9813
16,0.9982,0.024,0.0272,0.0479,-0.0037,-0.0973,0.9882
15,0.9974,0.0364,0.038,0.0486,-0.0292,-0.0966,0.9961
16,0.997,0.0472,0.0378,0.0471,-0.0593,-0.0178,0.9844
15,0.9973,0.0504,0.0292,0.0442,-0.0547,0.0125,0.9811
17,0.9974,0.0513,0.0234,0.0434,-0.0475,0.0347,0.9409
15,0.9975,0.0512,0.022,0.0427,-0.0763,0.0182,0.9309
17,0.9977,0.0501,0.0182,0.0414,-0.0496,-0.0055,0.991
15,0.9977,0.0518,0.0095,0.0411,0.0544,0.0233,1.0314
17,0.9976,0.0532,-0.0008,0.0429,0.1144,0.0319,1.0651
15,0.9974,0.0544,-0.0071,0.0449,0.0953,0.0314,1.0851
17,0.9974,0.0555,-0.0085,0.045,0.057,0.0479,1.0817
15,0.9974,0.0555,-0.0063,0.0439,0.0488,0.0686,1.0475
15,0.9976,0.0538,-0.0089,0.0428,0.0991,0.0779,1.0016
15,0.9977,0.0504,-0.017,0.0408,0.1199,0.0713,0.9648
15,0.9979,0.0449,-0.025,0.038,0.0713,0.059,0.953
16,0.9982,0.0388,-0.0284,0.0355,0.0176,0.0465,0.9554
15,0.9984,0.0339,-0.0284,0.0341,0.0166,0.0386,0.972
16,0.9985,0.0305,-0.0285,0.0338,0.0364,0.033,0.9822
15,0.9985,0.0276,-0.0302,0.0341,0.0481,0.0332,0.9939
17,0.9985,0.0248,-0.032,0.0344,0.0564,0.0221,1.0134
15,0.9985,0.024,-0.0333,0.0356,0.0652,0.0138,1.0148
17,0.9984,0.0242,-0.0354,0.0379,0.054,0.0253,0.9886
15,0.998,0.0236,-0.0406,0.0413,0.0583,0.0417,0.9569
17,0.9978,0.0219,-0.0439,0.0437,0.088,0.0364,0.9646
15,0.9979,0.0209,-0.0424,0.043,0.0997,0.0149,0.9548
17,0.998,0.0193,-0.0425,0.0422,0.0988,-0.0164,0.9031
15,0.9979,0.0153,-0.047,0.0422,0.1168,-0.0251,0.8542
15,0.9978,0.0076,-0.051,0.0408,0.0958,-0.0005,0.886
15,0.9978,-0.0015,-0.0523,0.0396,0.0391,-0.0001,0.9675
15,0.9979,-0.0075,-0.0507,0.0396,0.0292,-0.0138,1.0153
15,0.998,-0.011,-0.0482,0.0389,0.0687,-0.0089,1.0382
15,0.9982,-0.0139,-0.0458,0.0367,0.0879,0.0004,1.0712
17,0.9984,-0.0154,-0.0432,0.0342,0.069,0.0125,1.1102
15,0.9985,-0.0148,-0.04,0.0322,0.0785,0.0038,1.1267
17,0.9988,-0.0122,-0.0354,0.0289,0.1018,-0.0187,1.0924
15,0.9991,-0.0092,-0.0308,0.0245,0.1158,-0.0267,1.0312
17,0.9993,-0.0075,-0.0281,0.0196,0.1149,-0.0309,0.9751
15,0.9995,-0.0104,-0.0253,0.0159,0.0646,-0.0502,0.8639
17,0.9996,-0.0141,-0.0223,0.0112,0.0553,-0.0492,0.8903
15,0.9996,-0.017,-0.0195,0.0075,0.0062,-0.0299,0.9528
16,0.9996,-0.019,-0.018,0.0058,-0.0201,-0.0142,1.0282
15,0.9997,-0.0187,-0.0128,0.0033,-0.0494,-0.0081,1.0839
16,0.9998,-0.0159,-0.0059,0.0016,-0.0708,-0.0192,1.0829
15,0.9999,-0.0127,-0.0025,0.0013,-0.027,-0.0392,1.0297
15,0.9999,-0.0122,-0.0016,-0.0005,0.0149,-0.0483,0.9772
16,0.9999,-0.0145,-0.001,-0.0034,-0.0007,-0.0455,0.9658
15,0.9998,-0.0168,-0.001,-0.0052,-0.0344,-0.0425,0.9868
17,0.9998,-0.0183,-0.0021,-0.0053,-0.0403,-0.0177,1.0129
15,0.9998,-0.0206,-0.0037,-0.0046,-0.051,-0.0093,1.0465
17,0.9998,-0.0209,-0.0059,-0.0034,-0.0428,-0.0278,1.0466
15,0.9997,-0.0206,-0.0098,-0.0018,-0.0223,-0.0468,0.9784
17,0.9996,-0.0233,-0.0135,-0.0004,-0.0184,-0.0598,0.9062
15,0.9995,-0.0275,-0.0166,0.0007,0.0042,-0.0461,0.933
16,0.9994,-0.0304,-0.0168,0.0005,0.0143,-0.026,0.9901
15,0.9993,-0.0319,-0.0156,-0.0002,-0.0177,-0.0352,1.0094
16,0.9993,-0.0325,-0.0138,-0.0002,-0.0571,-0.0402,1.0029
15,0.9994,-0.0323,-0.0115,0.0004,-0.0757,-0.0563,1.0107
16,0.9995,-0.0311,-0.0107,0.0021,-0.0455,-0.0806,0.9907
16,0.9995,-0.03,-0.0101,0.0026,0.0259,-0.0908,0.9685
15,0.9995,-0.0299,-0.0089,0.0007,0.0549,-0.0864,0.9855
16,0.9995,-0.0302,-0.0081,-0.0012,0.024,-0.0736,1.0194
15,0.9995,-0.0303,-0.007,-0.0022,-0.0225,-0.0613,1.0414
16,0.9995,-0.0302,-0.0074,-0.0018,-0.033,-0.0515,1.0551
15,0.9995,-0.0306,-0.0085,-0.0014,-0.0203,-0.0494,1.0442
17,0.9995,-0.0315,-0.0087,-0.002,-0.0276,-0.0496,1.0291
15,0.9995,-0.0318,-0.0077,-0.0029,-0.0396,-0.0579,1.0004
16,0.9995,-0.0313,-0.0062,-0.0035,-0.0442,-0.0698,0.9752
15,0.9995,-0.03,-0.0057,-0.0038,-0.0227,-0.0673,0.983
16,0.9995,-0.0291,-0.006,-0.004,-0.0017,-0.0624,1.0079
15,0.9995,-0.0289,-0.0068,-0.0042,0.0225,-0.0685,1.0148
16,0.9995,-0.0296,-0.0068,-0.0048,0.0299,-0.0851,0.9904
15,0.9995,-0.0311,-0.0059,-0.0061,0.0253,-0.0913,0.9735
16,0.9994,-0.0325,-0.0048,-0.0074,0.0023,-0.0791,0.9891
16,0.9994,-0.033,-0.004,-0.0078,-0.0232,-0.0634,1.0219
16,0.9994,-0.0328,-0.0045,-0.0076,-0.0173,-0.0532,1.0321
16,0.9994,-0.0326,-0.0045,-0.0077,-0.0226,-0.0571,1.0177
15,0.9995,-0.032,-0.0042,-0.0077,-0.0244,-0.0592,1.0107
16,0.9995,-0.0317,-0.0036,-0.0081,-0.0287,-0.0547,1.0071
15,0.9994,-0.0324,-0.0024,-0.0085,-0.0526,-0.0563,0.9977
16,0.9994,-0.0337,-0.0015,-0.0082,-0.0743,-0.0714,0.9822
15,0.9993,-0.0351,-0.0009,-0.0067,-0.0885,-0.0784,0.9807
16,0.9993,-0.0367,-0.0012,-0.0042,-0.0936,-0.0719,0.994
15,0.9992,-0.0381,-0.003,-0.0009,-0.1012,-0.0596,1.006
16,0.9992,-0.039,-0.0038,0.0028,-0.0917,-0.0588,0.9987
15,0.9991,-0.0401,-0.0053,0.0066,-0.0326,-0.0791,0.9802
16,0.999,-0.0423,-0.008,0.0089,0.032,-0.0972,0.9756
16,0.9988,-0.0452,-0.0094,0.0093,0.0374,-0.0892,1.0059
16,0.9988,-0.047,-0.0099,0.01,-0.0076,-0.0706,1.0513
16,0.9988,-0.0466,-0.0102,0.0123,-0.0524,-0.0713,1.0461
16,0.9987,-0.0464,-0.0106,0.016,-0.0486,-0.094,0.9963
16,0.9985,-0.0493,-0.0145,0.0201,0.0287,-0.1213,0.9849
15,0.9982,-0.0531,-0.0189,0.0215,0.0911,-0.1309,1.0229
15,0.998,-0.0556,-0.02,0.0204,0.0507,-0.1074,1.0479
15,0.998,-0.056,-0.0194,0.0209,-0.0267,-0.0889,1.0356
15,0.998,-0.0549,-0.0188,0.0244,-0.0454,-0.1014,0.9691
15,0.9979,-0.0544,-0.0192,0.0288,-0.0166,-0.1185,0.8992
16,0.9976,-0.0569,-0.0223,0.0335,0.0101,-0.1155,0.8928
15,0.997,-0.0606,-0.0269,0.0385,0.0352,-0.1022,0.9586
16,0.9966,-0.0626,-0.0298,0.0424,0.0645,-0.0902,1.0419
16,0.9966,-0.0623,-0.0293,0.0444,0.0726,-0.0956,1.1107
16,0.9969,-0.059,-0.0256,0.0452,0.0511,-0.1093,1.1298
16,0.9973,-0.0538,-0.0207,0.046,0.0505,-0.119,1.0789
16,0.9975,-0.0497,-0.0168,0.0466,0.0636,-0.1238,0.9907
16,0.9976,-0.0484,-0.0152,0.0471,0.0503,-0.1167,0.9387
16,0.9976,-0.0486,-0.0146,0.0477,0.0068,-0.1033,0.9391
15,0.9974,-0.0489,-0.0143,0.0496,-0.0507,-0.0922,0.9629
16,0.9973,-0.0482,-0.0153,0.0538,-0.0573,-0.0868,0.9825
15,0.9971,-0.0467,-0.015,0.0577,-0.0215,-0.0765,0.9917
15,0.9971,-0.045,-0.0127,0.0604,-0.0013,-0.0854,1.001
15,0.997,-0.0435,-0.0117,0.0624,0.0177,-0.0912,0.9979
15,0.9971,-0.0427,-0.0092,0.0624,0.0382,-0.0752,0.9896
16,0.9972,-0.0423,-0.0037,0.0611,0.0126,-0.0652,0.9935
16,0.9973,-0.0405,0.0015,0.0609,-0.0253,-0.0708,0.9657
16,0.9973,-0.0398,0.0054,0.0618,-0.0416,-0.0847,0.9027
16,0.997,-0.0416,0.0079,0.064,-0.0492,-0.095,0.8663
16,0.9966,-0.0441,0.0089,0.0675,-0.0482,-0.0906,0.8732
16,0.9963,-0.046,0.0095,0.0712,-0.0175,-0.0828,0.8839
16,0.996,-0.0482,0.0126,0.0731,-0.0065,-0.092,0.8882
16,0.9957,-0.0519,0.0178,0.074,-0.0122,-0.0988,0.921
16,0.9954,-0.0558,0.0222,0.0745,0.0062,-0.0914,0.9767
15,0.9952,-0.058,0.025,0.0746,0.0414,-0.0951,1.0175
16,0.9951,-0.0587,0.0273,0.0739,0.062,-0.1017,1.0221
15,0.9951,-0.0591,0.0297,0.0734,0.0541,-0.1028,1.0128
15,0.995,-0.0597,0.031,0.0731,0.0533,-0.1127,1.0143
15,0.9951,-0.0604,0.0324,0.0717,0.0319,-0.1254,1.0245
16,0.995,-0.0605,0.0338,0.0712,-0.0325,-0.127,1.0261
15,0.9949,-0.0601,0.0352,0.0724,-0.0735,-0.12,1.0178
16,0.9948,-0.0604,0.0373,0.0735,-0.0615,-0.1229,1.0099
16,0.9946,-0.0609,0.0398,0.0734,-0.0491,-0.1208,0.9952
16,0.9946,-0.0618,0.0411,0.0726,-0.0492,-0.115,0.9689
16,0.9945,-0.0643,0.0418,0.071,-0.0516,-0.1355,0.9541
15,0.9943,-0.0681,0.0436,0.0689,-0.053,-0.1755,0.9604
16,0.9941,-0.072,0.0449,0.0667,-0.036,-0.1907,0.9717
15,0.994,-0.0758,0.0459,0.0638,-0.012,-0.172,0.9971
16,0.994,-0.0783,0.0488,0.059,0.0009,-0.1595,1.0408
15,0.9941,-0.0775,0.0537,0.0528,-0.0254,-0.1581,1.0525
16,0.9943,-0.0753,0.0595,0.0456,-0.0469,-0.1531,1.0088
15,0.9943,-0.0742,0.0652,0.0384,-0.0662,-0.1373,0.9468
16,0.9943,-0.0746,0.0679,0.0322,-0.069,-0.1284,0.9033
15,0.9943,-0.0768,0.069,0.0255,-0.0675,-0.1299,0.901
16,0.9943,-0.0797,0.0686,0.0185,-0.0813,-0.1354,0.9336
15,0.9943,-0.0818,0.0672,0.0114,-0.1003,-0.1324,0.9775
16,0.9943,-0.082,0.0684,0.0024,-0.1227,-0.1097,1.0266
16,0.9941,-0.0797,0.0728,-0.0063,-0.1652,-0.1118,1.0583
15,0.994,-0.0757,0.0773,-0.0139,-0.1617,-0.1366,1.0481
16,0.9939,-0.0733,0.0792,-0.0202,-0.1385,-0.1642,1.0118
15,0.9939,-0.074,0.0775,-0.0248,-0.1051,-0.1775,0.9919
16,0.9938,-0.0761,0.0753,-0.0294,-0.082,-0.166,1.0173
15,0.9937,-0.0768,0.0742,-0.0336,-0.0984,-0.1558,1.0681
16,0.994,-0.0743,0.0716,-0.0368,-0.0691,-0.1517,1.0851
15,0.994,-0.0707,0.0721,-0.0417,-0.1102,-0.1538,1.0284
16,0.9939,-0.0681,0.074,-0.0451,-0.1359,-0.1544,0.9611
15,0.9937,-0.0682,0.0745,-0.0475,-0.1031,-0.1793,0.9404
17,0.9937,-0.0702,0.0719,-0.049,-0.0798,-0.1984,0.9637
15,0.9938,-0.0726,0.0684,-0.0495,-0.0637,-0.2096,1.0155
16,0.9938,-0.0732,0.0662,-0.05,-0.0762,-0.2009,1.045
15,0.994,-0.0731,0.0636,-0.0499,-0.0898,-0.1908,1.035
16,0.9942,-0.0728,0.061,-0.05,-0.1094,-0.1854,0.9891
15,0.9943,-0.0732,0.0589,-0.0498,-0.1298,-0.1713,0.9448
15,0.9943,-0.0753,0.0566,-0.0491,-0.1166,-0.177,0.9529
16,0.9943,-0.0767,0.054,-0.0491,-0.0875,-0.1814,0.9885
15,0.9945,-0.077,0.0511,-0.0488,-0.0778,-0.1753,1.0111
16,0.9947,-0.0767,0.0483,-0.0485,-0.0671,-0.1743,1.0209
15,0.9949,-0.0757,0.0466,-0.0475,-0.0811,-0.1709,1.0238
16,0.9951,-0.0745,0.0447,-0.046,-0.0555,-0.1742,1.0269
15,0.9954,-0.0734,0.0418,-0.0443,-0.0243,-0.1735,1.0474
17,0.9958,-0.0718,0.0363,-0.0419,-0.0063,-0.1794,1.0673
15,0.9963,-0.0694,0.0314,-0.0396,-0.0083,-0.1803,1.069
17,0.9966,-0.0669,0.0276,-0.0368,-0.0114,-0.1793,1.058
15,0.997,-0.0649,0.0234,-0.0335,-0.0033,-0.1757,1.0388
17,0.9973,-0.0638,0.0173,-0.0297,0.0151,-0.1643,1.0255
15,0.9976,-0.0634,0.0093,-0.026,0.0349,-0.1575,1.0112
16,0.9977,-0.0627,0.0015,-0.0219,0.0212,-0.1515,0.9873
15,0.9979,-0.0626,-0.0052,-0.0173,0.0217,-0.1445,0.9717
15,0.9979,-0.0629,-0.0101,-0.0129,0.0232,-0.1271,0.9692
16,0.9978,-0.0634,-0.0151,-0.0079,0.0464,-0.1331,0.9587
15,0.9977,-0.063,-0.0206,-0.0029,0.058,-0.1439,0.9495
16,0.9977,-0.0613,-0.0254,0.0013,0.0322,-0.1372,0.9408
15,0.9979,-0.0587,-0.0277,0.0048,-0.0291,-0.1008,0.9443
17,0.9979,-0.0569,-0.0302,0.0095,-0.0671,-0.0667,0.9619
15,0.9977,-0.0562,-0.0334,0.0146,-0.0177,-0.0789,0.9604
17,0.9977,-0.0543,-0.034,0.0173,0.0264,-0.0862,0.9634
15,0.998,-0.0512,-0.0325,0.0186,0.0114,-0.074,0.9672
17,0.9982,-0.048,-0.0301,0.02,-0.0128,-0.0597,0.9611
15,0.9983,-0.0457,-0.0273,0.022,-0.0566,-0.0548,0.9445
17,0.9983,-0.0455,-0.0259,0.0258,-0.0867,-0.0615,0.9259
15,0.998,-0.0469,-0.0269,0.0302,-0.0376,-0.0656,0.9315
15,0.9979,-0.0482,-0.0266,0.032,0.0144,-0.0629,0.9696
15,0.998,-0.0485,-0.0246,0.0319,0.0216,-0.0645,1.0059
15,0.9981,-0.0479,-0.0211,0.0315,-0.0122,-0.0658,1.0256
15,0.9982,-0.0472,-0.0168,0.0318,-0.0454,-0.0668,1.0419
15,0.9982,-0.0475,-0.0118,0.0325,-0.0563,-0.0717,1.0754
16,0.9982,-0.0484,-0.0074,0.0337,-0.0455,-0.0876,1.0985
15,0.9981,-0.0496,-0.0019,0.0349,-0.0126,-0.1021,1.1073
17,0.998,-0.0517,0.0063,0.0355,-0.0043,-0.1027,1.1387
15,0.9978,-0.0543,0.0119,0.0359,-0.0017,-0.1138,1.1875
17,0.9976,-0.057,0.0112,0.0372,0.032,-0.123,1.2153
15,0.9974,-0.0605,0.0079,0.0386,0.0243,-0.1151,1.2427
17,0.9971,-0.0634,0.0046,0.0407,0.0326,-0.1088,1.2877
15,0.9971,-0.0635,0.0028,0.0412,0.076,-0.1195,1.299
16,0.9973,-0.0616,0.0028,0.0391,0.0909,-0.1245,1.2365
15,0.9974,-0.0621,0.0059,0.0352,0.0472,-0.1177,1.1451
16,0.9973,-0.066,0.0123,0.0305,0.0188,-0.1177,1.0817
15,0.9969,-0.0711,0.0199,0.0252,0.0017,-0.1187,1.0448
15,0.9966,-0.0767,0.0214,0.0219,-0.0505,-0.1302,1.0278
15,0.9963,-0.0816,0.0121,0.0229,-0.05,-0.1459,1.0059
15,0.9959,-0.0869,0.002,0.0231,-0.0217,-0.1599,0.9746
17,0.9954,-0.0924,-0.0034,0.0217,-0.0173,-0.1624,0.952
15,0.9949,-0.0978,-0.006,0.0206,-0.0359,-0.1315,0.9587
17,0.9944,-0.1024,-0.0115,0.022,-0.0095,-0.1272,1.011
15,0.9943,-0.1028,-0.0178,0.0227,0.0363,-0.1537,0.9974
17,0.9943,-0.1019,-0.0231,0.0223,0.0472,-0.1707,0.9052
15,0.994,-0.1034,-0.0268,0.0217,0.0422,-0.168,0.8558
16,0.9938,-0.1052,-0.0297,0.0212,0.0564,-0.1725,0.864
15,0.9935,-0.1062,-0.0345,0.0206,0.0813,-0.1974,0.8625
16,0.9932,-0.1072,-0.0394,0.0192,0.0552,-0.2155,0.8801
15,0.9932,-0.1077,-0.0411,0.0177,0.0155,-0.2161,0.9131
16,0.9931,-0.1081,-0.0419,0.0164,0.0314,-0.2169,0.9115
15,0.993,-0.1089,-0.0426,0.0141,0.0778,-0.2169,0.8889
15,0.9927,-0.1107,-0.0458,0.0115,0.1173,-0.2316,0.8688
16,0.9924,-0.1123,-0.0488,0.0082,0.121,-0.2335,0.8755
15,0.9922,-0.1127,-0.0512,0.0052,0.1068,-0.236,0.8833
16,0.9923,-0.1125,-0.051,0.0018,0.084,-0.2413,0.9038
15,0.9924,-0.1122,-0.0498,-0.0016,0.0682,-0.2672,0.9261
17,0.9923,-0.1119,-0.0516,-0.0045,0.0797,-0.2767,0.929
15,0.9921,-0.1117,-0.0563,-0.0075,0.0856,-0.2507,0.9341
16,0.9921,-0.1119,-0.056,-0.0114,0.0261,-0.2278,0.938
15,0.9922,-0.1127,-0.0512,-0.0139,-0.0256,-0.2271,0.9215
16,0.9924,-0.1135,-0.0447,-0.0146,-0.0378,-0.2356,0.9285
15,0.9926,-0.1135,-0.0403,-0.014,-0.0023,-0.248,0.9338
16,0.9927,-0.1135,-0.0384,-0.0137,0.0499,-0.2567,0.8943
15,0.9925,-0.1148,-0.0398,-0.0139,0.0768,-0.2557,0.8875
16,0.9921,-0.1163,-0.0428,-0.0146,0.0905,-0.2489,0.9271
16,0.9919,-0.1168,-0.0453,-0.0162,0.0746,-0.2333,0.9658
16,0.9919,-0.1164,-0.0475,-0.0173,0.0477,-0.2324,0.9591
16,0.9918,-0.1165,-0.0493,-0.0176,0.0206,-0.2465,0.9088
15,0.9916,-0.118,-0.0498,-0.0167,-0.0027,-0.2516,0.8771
16,0.9914,-0.1197,-0.0496,-0.0154,0.0256,-0.2469,0.8892
15,0.9913,-0.1207,-0.0502,-0.015,0.0776,-0.2469,0.9091
15,0.9913,-0.1205,-0.051,-0.0156,0.0977,-0.2489,0.9124
15,0.9914,-0.1195,-0.0505,-0.0164,0.0691,-0.2494,0.8989
16,0.9915,-0.1194,-0.0497,-0.0157,0.0325,-0.2561,0.8798
15,0.9915,-0.1201,-0.0491,-0.014,0.037,-0.2524,0.8862
16,0.9915,-0.12,-0.0489,-0.0127,0.0795,-0.236,0.9208
15,0.9916,-0.1183,-0.0488,-0.0128,0.1239,-0.2247,0.9323
16,0.9919,-0.1163,-0.0486,-0.0137,0.1133,-0.2253,0.9038
16,0.9921,-0.1145,-0.0491,-0.0137,0.0663,-0.2225,0.8662
16,0.9924,-0.1125,-0.0486,-0.0123,0.0125,-0.2095,0.8584
16,0.9927,-0.11,-0.048,-0.0092,0.0095,-0.2008,0.8677
16,0.9931,-0.1069,-0.0477,-0.0068,0.054,-0.1981,0.8802
16,0.9936,-0.1024,-0.0471,-0.0061,0.092,-0.1921,0.8759
15,0.9942,-0.097,-0.0453,-0.0067,0.0802,-0.1987,0.8364
16,0.9946,-0.0927,-0.0453,-0.006,0.0291,-0.2068,0.8104
15,0.9948,-0.09,-0.0478,-0.0029,-0.0022,-0.2104,0.8221
15,0.995,-0.0874,-0.0477,0.0007,0.0377,-0.1998,0.8618
15,0.9954,-0.0835,-0.0471,0.0038,0.1031,-0.1895,0.9072
16,0.9957,-0.0779,-0.0494,0.0062,0.1344,-0.2007,0.8901
15,0.9958,-0.0724,-0.0536,0.009,0.0475,-0.1949,0.8256
16,0.9958,-0.0696,-0.0573,0.0156,-0.0511,-0.1626,0.8138
16,0.9958,-0.0674,-0.057,0.0239,0.0021,-0.1331,0.8651
16,0.996,-0.0627,-0.0546,0.0299,0.1158,-0.1235,0.9335
16,0.9965,-0.0554,-0.0533,0.0333,0.1508,-0.1199,0.9607
16,0.9967,-0.0474,-0.0538,0.0369,0.0743,-0.1134,0.9338
16,0.9966,-0.0415,-0.0557,0.0432,0.0304,-0.1116,0.9041
16,0.9963,-0.038,-0.057,0.05,0.1082,-0.1364,0.915
16,0.9963,-0.0355,-0.056,0.053,0.2277,-0.1439,0.9503
16,0.9966,-0.0329,-0.0541,0.0524,0.2673,-0.1249,1.0282
15,0.997,-0.0272,-0.0507,0.0505,0.2318,-0.0754,1.093
15,0.9977,-0.0192,-0.0422,0.0482,0.1323,-0.0422,1.0889
15,0.9982,-0.0123,-0.0336,0.0479,0.0659,-0.0411,1.0107
15,0.9983,-0.0087,-0.0282,0.0492,0.0747,-0.0392,0.9464
15,0.9983,-0.0081,-0.0264,0.0507,0.1125,-0.0317,0.9567
15,0.9982,-0.008,-0.0271,0.0516,0.1191,-0.0057,1.0137
16,0.9982,-0.0075,-0.0273,0.0525,0.0847,0.033,1.077
16,0.9982,-0.0062,-0.0236,0.0532,0.0627,0.0437,1.1171
16,0.9984,-0.0045,-0.0179,0.0529,0.0947,0.0286,1.1154
16,0.9985,-0.0038,-0.0154,0.0513,0.1191,0.0155,1.109
16,0.9987,-0.0035,-0.0128,0.0482,0.1094,0.0293,1.1284
16,0.999,-0.002,-0.0075,0.0443,0.0735,0.03,1.1517
16,0.9991,0.0014,-0.0019,0.0403,0.0724,0.02,1.1089
16,0.9993,0.0034,0.0026,0.036,0.0646,0.0166,1.0425
16,0.9995,0.0022,0.0042,0.0326,0.028,0.0214,1.0135
15,0.9995,-0.0015,0.0026,0.0309,-0.0144,0.0287,1.0485
15,0.9995,-0.0049,0.0022,0.0298,-0.0206,0.0425,1.1052
15,0.9996,-0.0071,0.0075,0.0267,-0.0166,0.0468,1.1245
15,0.9996,-0.0096,0.0124,0.0236,-0.0413,0.0563,1.1144
15,0.9996,-0.0151,0.0116,0.0221,-0.0238,0.0299,1.0807
16,0.9995,-0.0233,0.0106,0.0183,0.0214,-0.0105,1.0072
16,0.9995,-0.0257,0.009,0.0159,0.0157,-0.0192,1.1892
16,0.9996,-0.0192,0.011,0.0118,0.0316,0.0027,1.1918
16,0.9998,-0.0146,0.0131,0.0065,0.0236,-0.0083,1.1206
16,0.9998,-0.0135,0.0124,0.001,-0.0292,-0.0369,1.0973
16,0.9998,-0.0137,0.011,-0.0036,-0.0179,-0.0754,1.0494
16,0.9998,-0.0135,0.0082,-0.0084,0.0292,-0.0743,1.0227
16,0.9998,-0.011,0.0101,-0.0135,-0.0256,-0.0291,1.0203
15,0.9997,-0.0083,0.0154,-0.0156,-0.093,-0.0013,1.0044
16,0.9997,-0.0072,0.0157,-0.0154,-0.0693,0.0087,1.0079
15,0.9997,-0.0065,0.0154,-0.0147,-0.0505,-0.0027,0.9957
16,0.9998,-0.0059,0.0155,-0.0142,-0.0497,-0.0146,0.9972
15,0.9997,-0.0052,0.0163,-0.0142,-0.0482,-0.0244,1.0012
16,0.9998,-0.0048,0.0159,-0.014,-0.0436,-0.0254,0.9994
15,0.9998,-0.0046,0.0154,-0.0139,-0.0399,-0.0204,1.002
16,0.9998,-0.0042,0.0157,-0.0141,-0.0404,-0.017,1.0034
15,0.9997,-0.0038,0.0168,-0.0145,-0.0385,-0.0199,1.0006
16,0.9997,-0.0036,0.0173,-0.0146,-0.0353,-0.0232,0.9956
16,0.9997,-0.0034,0.0167,-0.0143,-0.0334,-0.0198,0.9929
16,0.9998,-0.0029,0.0157,-0.0142,-0.0333,-0.0125,0.9921
16,0.9998,-0.0024,0.0146,-0.0141,-0.0323,-0.0032,0.9886
15,0.9998,-0.0012,0.0083,-0.014,-0.0616,-0.0072,0.9357
16,0.9999,0.002,-0.0012,-0.0138,-0.0017,-0.0013,1.0052
15,0.9999,0.0026,-0.0012,-0.0139,0.007,0.0016,1.0253
16,0.9999,0.0026,-0.0012,-0.0139,0.0044,-0.0023,1.0052
15,0.9999,0.0025,-0.0012,-0.0139,0.0016,-0.0034,1.0042
17,0.9999,0.0025,-0.0012,-0.0138,0.0027,-0.0004,1.0039
15,0.9999,0.0026,-0.0012,-0.0138,0.0022,0.0006,0.9999
17,0.9999,0.0026,-0.0013,-0.0138,0.0016,0.0024,1.0016
15,0.9999,0.0026,-0.0015,-0.0138,0.0007,0.0055,0.9996
16,0.9999,0.0026,-0.0017,-0.0139,0.0005,0.0054,0.9968
15,0.9999,0.0026,-0.0018,-0.0139,-0.0004,0.0021,0.9971
16,0.9999,0.0027,-0.002,-0.014,-0.0013,0.0099,0.9919
16,0.9999,0.0027,-0.0021,-0.014,-0.0006,0.0024,0.9934
15,0.9999,0.0026,-0.002,-0.0139,-0.0002,-0.0027,1.0046
16,0.9999,0.0026,-0.002,-0.0137,0.0013,0.0009,1.011
15,0.9999,0.0026,-0.002,-0.0136,0.007,0.0116,1.0012
16,0.9999,0.0027,-0.0019,-0.0137,0.0084,0.014,1.0072
15,0.9999,0.0027,-0.0015,-0.0139,0.0065,0.0048,0.9963
17,0.9999,0.0025,-0.0012,-0.0139,0.0016,-0.005,0.9905
15,0.9999,0.0024,-0.0011,-0.0139,-0.0007,-0.0057,1.0012
17,0.9999,0.0024,-0.001,-0.0138,-0.0005,-0.0009,0.9934
15,0.9999,0.0024,-0.001,-0.0138,0,0.0026,1.0009
17,0.9999,0.0024,-0.001,-0.0138,0.0004,0.0023,0.9985
15,0.9999,0.0024,-0.001,-0.0138,0.0009,0.0004,0.9974
16,0.9999,0.0023,-0.001,-0.0138,0.001,-0.0001,1.0007
15,0.9999,0.0023,-0.001,-0.0138,0.0013,0.0004,0.9969
15,0.9999,0.0023,-0.0011,-0.0138,0.0004,0.0009,1.0004
15,0.9999,0.0023,-0.001,-0.0138,-0.0011,0.0009,0.9982
15,0.9999,0.0022,-0.001,-0.0138,-0.0013,0.0001,0.9979
16,0.9999,0.0022,-0.001,-0.0138,-0.0009,-0.0002,0.9995
15,0.9999,0.0022,-0.001,-0.0138,0,0.0005,0.9985
16,0.9999,0.0021,-0.001,-0.0138,0.0002,0,1
15,0.9999,0.0021,-0.001,-0.0138,0,-0.0005,0.9991
17,0.9999,0.0021,-0.001,-0.0138,0.0004,-0.0007,0.9993
15,0.9999,0.0021,-0.001,-0.0138,0.0013,-0.0001,0.9991
17,0.9999,0.002,-0.001,-0.0138,0.0013,0.0004,0.999
15,0.9999,0.002,-0.001,-0.0138,0.001,0.0006,1
17,0.9999,0.002,-0.001,-0.0138,0.0007,0.0011,1.0001
15,0.9999,0.002,-0.001,-0.0137,0.0007,0.0013,1.0002
17,0.9999,0.002,-0.001,-0.0137,0.0011,0.001,0.9999
15,0.9999,0.002,-0.001,-0.0137,0.0009,0.0007,0.9993
15,0.9999,0.0019,-0.001,-0.0137,0.0004,0.0006,0.9993
15,0.9999,0.0019,-0.001,-0.0137,0,0.0001,0.9999
15,0.9999,0.0019,-0.001,-0.0137,0,0,0.9999
16,0.9999,0.0019,-0.001,-0.0137,0.0009,0.0004,1.0005
15,0.9999,0.0018,-0.001,-0.0137,0.0006,0.0002,1.0011
17,0.9999,0.0018,-0.001,-0.0137,0.0002,-0.0001,1.0011
15,0.9999,0.0018,-0.001,-0.0137,0.0005,0.0001,1.0002
17,0.9999,0.0018,-0.001,-0.0137,0.0005,0.0006,0.9993
15,0.9999,0.0018,-0.001,-0.0137,0.001,0.0011,0.9988
17,0.9999,0.0018,-0.001,-0.0137,0.0018,0.0015,0.999
15,0.9999,0.0018,-0.001,-0.0137,0.0028,0.0011,1.001
17,0.9999,0.0018,-0.001,-0.0137,0.0024,0.0005,0.9995
15,0.9999,0.0017,-0.001,-0.0137,0.0024,0.0002,0.999
16,0.9999,0.0017,-0.0011,-0.0137,0.0029,-0.0002,0.9976
15,0.9999,0.0016,-0.0011,-0.0137,0.0013,-0.0009,1.001
15,0.9999,0.0016,-0.001,-0.0137,-0.0012,0,0.9991
15,0.9999,0.0016,-0.001,-0.0136,-0.0026,0.001,0.9982
15,0.9999,0.0016,-0.001,-0.0136,-0.0013,0.0005,0.9971
16,0.9999,0.0016,-0.001,-0.0136,-0.0004,0,1.0028
15,0.9999,0.0016,-0.001,-0.0136,0,0.0015,1.0009
17,0.9999,0.0016,-0.001,-0.0136,0,0.0029,0.998
15,0.9999,0.0016,-0.001,-0.0136,-0.0005,0.0034,1.0011
17,0.9999,0.0016,-0.0009,-0.0137,-0.0006,0.0021,0.9966
15,0.9999,0.0016,-0.0009,-0.0137,0.0009,-0.0009,0.998
17,0.9999,0.0016,-0.0009,-0.0137,0.0026,-0.0023,0.9966
15,0.9999,0.0015,-0.001,-0.0137,0.0016,-0.0028,0.9969
16,0.9999,0.0015,-0.0011,-0.0136,-0.0002,-0.0004,0.9983
15,0.9999,0.0016,-0.0014,-0.0136,-0.0012,0.0028,0.9957
16,0.9999,0.0016,-0.0017,-0.0137,0.002,0.0059,0.996
15,0.9999,0.002,-0.002,-0.0137,0.0055,0.0181,0.9543
16,0.9999,0.002,-0.0023,-0.0139,0.0089,0.0112,0.9645
16,0.9999,0.0018,-0.0024,-0.0139,0.004,-0.0006,0.9818
15,0.9999,0.0016,-0.0024,-0.0137,-0.0002,-0.0093,0.9894
16,0.9999,0.0016,-0.0025,-0.0135,-0.0031,-0.0037,1.0009
15,0.9999,0.0017,-0.0024,-0.0134,-0.0021,0.0085,1.004
17,0.9999,0.0019,-0.0023,-0.0134,-0.002,0.0134,1.0054
15,0.9999,0.0019,-0.0018,-0.0136,0.0005,0.0076,1.001
