19:14:40.872287,1,0.01,-0.01,0.02,0.01,0.03,0.99
19:14:40.884037,1,0.01,-0.01,0.02,0.01,0.03,0.99
19:14:40.900956,1,0.01,-0.01,0.02,0.01,0.03,0.99
19:14:40.901087,1,0.01,-0.01,0.02,0.01,0.03,0.99
19:14:40.927712,1,0.01,-0.01,0.02,0.01,0.03,0.99
19:14:40.927845,1,0.01,-0.01,0.02,0.01,0.03,0.99
19:14:40.927946,1,0.01,-0.01,0.02,0.01,0.03,0.99
19:14:40.957641,1,0.01,-0.01,0.02,0.01,0.03,0.99
19:14:40.957763,1,0.01,-0.01,0.02,0.01,0.03,0.99
19:14:40.957869,1,0.01,-0.01,0.02,0.01,0.03,0.99
19:14:40.988619,1,0.01,-0.01,0.02,0.01,0.03,0.99
19:14:40.988743,1,0.01,-0.01,0.02,0.01,0.03,0.99
19:14:40.988845,1,0.01,-0.01,0.02,0.01,0.03,0.99
19:14:41.019178,1,0.01,-0.01,0.02,0.01,0.03,0.99
19:14:41.019306,1,0.01,-0.01,0.02,0.01,0.03,0.99
19:14:41.019408,1,0.01,-0.01,0.02,0.01,0.03,0.99
19:14:41.051198,1,0.01,-0.01,0.02,0.01,0.03,0.99
19:14:41.051331,1,0.01,-0.01,0.02,0.01,0.03,0.99
19:14:41.051437,1,0.01,-0.01,0.02,0.01,0.03,0.99
19:14:41.100776,1,0.01,-0.01,0.02,0.01,0.03,0.99
19:14:41.100912,1,0.01,-0.01,0.02,0.01,0.03,0.99
19:14:41.101030,1,0.01,-0.01,0.02,0.01,0.03,0.99
19:14:41.101114,1,0.01,-0.01,0.02,0.01,0.03,0.99
19:14:41.101193,1,0.01,-0.01,0.02,0.01,0.03,0.99
19:14:41.129379,1,0.01,-0.01,0.02,0.01,0.03,0.99
19:14:41.129506,1,0.01,-0.01,0.02,0.01,0.03,0.99
19:14:41.129606,1,0.01,-0.01,0.02,0.01,0.03,0.99
19:14:41.159545,1,0.01,-0.01,0.02,0.01,0.03,0.99
19:14:41.159670,1,0.01,-0.01,0.02,0.01,0.03,0.99
19:14:41.159771,1,0.01,-0.01,0.02,0.01,0.03,0.99
19:14:41.191618,1,0.01,-0.01,0.02,0.01,0.03,0.99
19:14:41.191768,1,0.01,-0.01,0.02,0.01,0.03,0.99
19:14:41.191876,1,0.01,-0.01,0.02,0.01,0.03,0.99
19:14:41.223103,1,0.01,-0.01,0.02,0.01,0.03,0.99
19:14:41.223224,1,0.01,-0.01,0.02,0.01,0.03,0.99
19:14:41.223304,1,0.01,-0.01,0.02,0.01,0.03,0.99
19:14:41.255042,1,0.01,-0.01,0.02,0.01,0.03,0.99
19:14:41.255166,1,0.01,-0.01,0.02,0.01,0.03,0.99
19:14:41.255267,1,0.01,-0.01,0.02,0.01,0.03,0.99
19:14:41.286324,1,0.01,-0.01,0.02,0.01,0.03,0.99
19:14:41.286444,1,0.01,-0.01,0.02,0.01,0.03,0.99
19:14:41.286562,1,0.01,-0.01,0.02,0.01,0.03,0.99
19:14:41.288074,1,0.01,-0.01,0.02,0.01,0.02,0.99
19:14:41.318422,1,0.01,-0.01,0.02,0.02,0.02,0.99
19:14:41.318539,1,0.01,-0.01,0.02,0.03,0.01,0.99
19:14:41.318619,1,0.01,-0.01,0.03,0.05,0,0.99
19:14:41.350399,1,0.01,-0.01,0.03,0.07,-0.01,0.99
19:14:41.350522,1,0.01,-0.01,0.03,0.04,-0.01,0.99
19:14:41.350622,1,0.01,-0.01,0.03,-0.02,0.03,0.99
19:14:41.381401,1,0.01,-0.01,0.03,-0.04,0.05,0.99
19:14:41.381524,1,0.01,-0,0.03,-0.03,0.06,0.99
19:14:41.381633,1,0.01,-0.01,0.03,-0.01,0.06,0.99
19:14:41.412304,1,0.01,-0.01,0.03,-0.01,0.05,0.99
19:14:41.412434,1,0.01,-0.01,0.03,-0.03,0.05,0.99
19:14:41.412540,1,0.01,-0.01,0.03,-0.06,0.06,1
19:14:41.443251,1,0.01,-0.01,0.02,-0.07,0.07,1.02
19:14:41.443387,1,0.01,-0.01,0.02,-0.05,0.07,1.05
19:14:41.443496,1,0.01,-0.02,0.02,-0.03,0.06,1.09
19:14:41.474279,1,0.01,-0.03,0.01,-0,0.05,1.1
19:14:41.474403,1,0.01,-0.04,0.01,0.03,0.05,1.1
19:14:41.474485,1,0.01,-0.05,0.01,0.06,0.05,1.1
19:14:41.505254,1,0.01,-0.06,0.01,0.08,0.05,1.1
19:14:41.505384,1,0.01,-0.07,0.01,0.09,0.04,1.09
19:14:41.505468,1,0.01,-0.08,0.01,0.09,0.03,1.08
19:14:41.535229,1,0.01,-0.09,0.01,0.1,0.01,1.08
19:14:41.535350,0.99,0.01,-0.11,0.01,0.12,0.01,1.07
19:14:41.535434,0.99,0.01,-0.12,0.01,0.15,0.02,1.05
19:14:41.567232,0.99,0.01,-0.14,0.01,0.18,0.03,1.03
19:14:41.567353,0.99,0.01,-0.15,0.01,0.22,0.04,1.01
19:14:41.567436,0.99,0.01,-0.17,0,0.24,0.03,0.99
19:14:41.568062,0.98,0.01,-0.18,0,0.26,0.03,0.97
19:14:41.584051,0.98,0.01,-0.19,0,0.29,0.03,0.96
19:14:41.600862,0.98,0.01,-0.2,-0,0.32,0.02,0.93
19:14:41.600965,0.98,0.01,-0.21,-0,0.34,0.01,0.9
19:14:41.629214,0.97,0.01,-0.22,-0,0.36,-0,0.89
19:14:41.629315,0.97,0.01,-0.24,-0,0.37,0,0.89
19:14:41.629381,0.97,0.01,-0.25,-0.01,0.4,0.01,0.9
19:14:41.659205,0.97,0.01,-0.26,-0.01,0.42,0.02,0.9
19:14:41.659309,0.96,0.01,-0.27,-0.01,0.44,0.02,0.89
19:14:41.659377,0.96,0,-0.28,-0.01,0.47,0.03,0.87
19:14:41.690243,0.96,0,-0.29,-0.01,0.49,0.02,0.85
19:14:41.690369,0.95,0,-0.3,-0.01,0.51,0.02,0.83
19:14:41.690452,0.95,0,-0.31,-0.01,0.52,0.01,0.81
19:14:41.721320,0.95,0,-0.32,-0.01,0.53,0.01,0.8
19:14:41.721490,0.94,-0,-0.33,-0.01,0.55,0,0.8
19:14:41.721586,0.94,-0,-0.34,-0.02,0.58,0,0.79
19:14:41.751321,0.94,-0,-0.35,-0.02,0.61,0,0.79
19:14:41.751426,0.93,-0,-0.36,-0.02,0.64,0.01,0.78
19:14:41.751493,0.93,-0.01,-0.37,-0.02,0.65,0,0.78
19:14:41.783194,0.92,-0.01,-0.38,-0.02,0.65,-0,0.78
19:14:41.783304,0.92,-0.01,-0.39,-0.02,0.65,0,0.78
19:14:41.783389,0.91,-0.01,-0.4,-0.02,0.67,0,0.75
19:14:41.800250,0.91,-0.01,-0.41,-0.03,0.69,0.01,0.73
19:14:41.800332,0.91,-0.01,-0.42,-0.03,0.71,0.01,0.7
19:14:41.816926,0.9,-0.02,-0.43,-0.03,0.72,0.01,0.69
19:14:41.818485,0.89,-0.02,-0.45,-0.03,0.74,0,0.67
19:14:41.845592,0.89,-0.02,-0.46,-0.03,0.77,0,0.65
19:14:41.845695,0.88,-0.03,-0.47,-0.04,0.79,-0,0.62
19:14:41.875607,0.88,-0.03,-0.48,-0.04,0.79,-0.01,0.59
19:14:41.875708,0.87,-0.03,-0.49,-0.04,0.8,-0.01,0.57
19:14:41.875794,0.86,-0.04,-0.5,-0.04,0.82,-0.01,0.57
19:14:41.906942,0.86,-0.04,-0.51,-0.04,0.86,0,0.57
19:14:41.907075,0.85,-0.04,-0.52,-0.04,0.89,0.01,0.56
19:14:41.907190,0.85,-0.05,-0.53,-0.05,0.91,0.01,0.53
19:14:41.909052,0.84,-0.05,-0.54,-0.05,0.92,-0.01,0.49
19:14:41.937008,0.83,-0.06,-0.55,-0.05,0.92,-0.04,0.46
19:14:41.937126,0.83,-0.06,-0.56,-0.05,0.91,-0.05,0.44
19:14:41.938469,0.82,-0.07,-0.57,-0.05,0.91,-0.05,0.43
19:14:41.968417,0.81,-0.07,-0.58,-0.05,0.91,-0.04,0.42
19:14:41.968522,0.8,-0.08,-0.59,-0.05,0.92,-0.03,0.39
19:14:41.968608,0.79,-0.08,-0.61,-0.05,0.93,-0.03,0.35
19:14:41.999061,0.78,-0.09,-0.62,-0.05,0.94,-0.03,0.31
19:14:41.999166,0.77,-0.09,-0.63,-0.05,0.95,-0.04,0.27
19:14:41.999252,0.76,-0.1,-0.64,-0.05,0.97,-0.05,0.23
19:14:42.016914,0.75,-0.1,-0.65,-0.05,0.98,-0.06,0.22
19:14:42.045160,0.75,-0.11,-0.65,-0.05,0.99,-0.07,0.21
19:14:42.045264,0.74,-0.12,-0.66,-0.05,1,-0.09,0.2
19:14:42.045352,0.73,-0.12,-0.68,-0.05,1.02,-0.1,0.17
19:14:42.076171,0.71,-0.13,-0.69,-0.05,1.04,-0.11,0.13
19:14:42.076281,0.7,-0.13,-0.7,-0.05,1.05,-0.13,0.07
19:14:42.076369,0.69,-0.14,-0.71,-0.05,1.04,-0.13,0.02
19:14:42.106917,0.68,-0.14,-0.71,-0.05,1.04,-0.13,-0.02
19:14:42.107030,0.68,-0.14,-0.72,-0.05,1.04,-0.12,-0.06
19:14:42.107117,0.67,-0.15,-0.73,-0.05,1.04,-0.11,-0.1
19:14:42.109046,0.67,-0.15,-0.73,-0.05,1.03,-0.11,-0.12
19:14:42.138673,0.66,-0.15,-0.73,-0.05,1.01,-0.11,-0.15
19:14:42.138790,0.66,-0.15,-0.74,-0.05,0.99,-0.11,-0.16
19:14:42.139041,0.66,-0.15,-0.74,-0.06,0.99,-0.1,-0.18
19:14:42.168861,0.65,-0.15,-0.74,-0.06,0.98,-0.1,-0.21
19:14:42.169000,0.65,-0.15,-0.74,-0.06,0.97,-0.1,-0.23
19:14:42.169102,0.66,-0.15,-0.74,-0.06,0.97,-0.1,-0.24
19:14:42.199915,0.66,-0.15,-0.73,-0.06,0.98,-0.11,-0.22
19:14:42.200064,0.66,-0.14,-0.73,-0.06,0.98,-0.12,-0.2
19:14:42.200149,0.67,-0.14,-0.73,-0.06,1,-0.13,-0.18
19:14:42.217408,0.67,-0.14,-0.73,-0.06,1.03,-0.13,-0.16
19:14:42.219040,0.68,-0.14,-0.72,-0.07,1.04,-0.12,-0.16
19:14:42.234086,0.68,-0.13,-0.72,-0.07,1.06,-0.09,-0.16
19:14:42.250792,0.69,-0.13,-0.71,-0.07,1.07,-0.06,-0.16
19:14:42.250893,0.71,-0.12,-0.69,-0.08,1.08,-0.04,-0.15
19:14:42.277703,0.72,-0.12,-0.67,-0.08,1.06,-0.03,-0.13
19:14:42.277823,0.74,-0.11,-0.65,-0.09,1.02,-0.04,-0.09
19:14:42.279032,0.76,-0.11,-0.63,-0.09,0.98,-0.07,-0.02
19:14:42.308683,0.77,-0.1,-0.62,-0.1,0.96,-0.09,0.06
19:14:42.308820,0.79,-0.1,-0.6,-0.1,0.97,-0.1,0.15
19:14:42.309041,0.8,-0.1,-0.59,-0.1,0.97,-0.09,0.22
19:14:42.339611,0.81,-0.1,-0.57,-0.1,0.95,-0.08,0.28
19:14:42.339730,0.82,-0.1,-0.55,-0.11,0.94,-0.08,0.32
19:14:42.339816,0.83,-0.1,-0.54,-0.11,0.92,-0.08,0.35
19:14:42.371117,0.84,-0.1,-0.52,-0.11,0.91,-0.07,0.39
19:14:42.371221,0.85,-0.11,-0.5,-0.12,0.9,-0.08,0.43
19:14:42.371307,0.85,-0.11,-0.49,-0.13,0.89,-0.1,0.48
19:14:42.403181,0.86,-0.12,-0.48,-0.13,0.88,-0.11,0.53
19:14:42.403291,0.86,-0.13,-0.47,-0.14,0.87,-0.11,0.57
19:14:42.403401,0.87,-0.13,-0.46,-0.14,0.85,-0.1,0.6
19:14:42.435266,0.87,-0.14,-0.45,-0.15,0.83,-0.1,0.63
19:14:42.435369,0.87,-0.15,-0.44,-0.15,0.82,-0.1,0.66
19:14:42.435453,0.87,-0.15,-0.44,-0.16,0.8,-0.1,0.67
19:14:42.466682,0.87,-0.16,-0.43,-0.17,0.8,-0.11,0.66
19:14:42.466828,0.87,-0.16,-0.42,-0.18,0.8,-0.13,0.65
19:14:42.466964,0.87,-0.17,-0.41,-0.19,0.81,-0.16,0.64
19:14:42.469028,0.88,-0.17,-0.4,-0.2,0.8,-0.18,0.65
19:14:42.483512,0.88,-0.18,-0.39,-0.22,0.79,-0.18,0.66
19:14:42.500272,0.87,-0.18,-0.39,-0.23,0.78,-0.17,0.69
19:14:42.500350,0.87,-0.19,-0.38,-0.24,0.77,-0.16,0.71
19:14:42.530173,0.87,-0.19,-0.38,-0.25,0.74,-0.16,0.74
19:14:42.530272,0.87,-0.19,-0.37,-0.26,0.71,-0.17,0.77
19:14:42.530356,0.87,-0.2,-0.37,-0.27,0.68,-0.18,0.79
19:14:42.561598,0.86,-0.2,-0.37,-0.28,0.65,-0.2,0.8
19:14:42.561718,0.86,-0.2,-0.37,-0.29,0.62,-0.21,0.81
19:14:42.561804,0.85,-0.21,-0.37,-0.3,0.63,-0.18,0.8
19:14:42.592600,0.85,-0.21,-0.37,-0.31,0.67,-0.14,0.77
19:14:42.592707,0.85,-0.21,-0.37,-0.32,0.69,-0.1,0.72
19:14:42.592793,0.84,-0.21,-0.37,-0.33,0.69,-0.08,0.68
19:14:42.623250,0.84,-0.21,-0.37,-0.34,0.67,-0.08,0.66
19:14:42.623370,0.84,-0.21,-0.37,-0.35,0.64,-0.08,0.66
19:14:42.623458,0.83,-0.21,-0.36,-0.36,0.62,-0.07,0.65
19:14:42.654256,0.83,-0.21,-0.36,-0.36,0.63,-0.05,0.65
19:14:42.654370,0.83,-0.21,-0.36,-0.37,0.65,-0.04,0.63
19:14:42.654458,0.83,-0.21,-0.35,-0.37,0.66,-0.03,0.62
19:14:42.685219,0.83,-0.21,-0.34,-0.38,0.66,-0.02,0.62
19:14:42.685321,0.83,-0.21,-0.34,-0.39,0.64,-0.02,0.63
19:14:42.685407,0.84,-0.2,-0.33,-0.39,0.64,-0.02,0.66
19:14:42.715211,0.84,-0.2,-0.32,-0.39,0.64,-0.01,0.68
19:14:42.715310,0.84,-0.2,-0.31,-0.4,0.64,-0.01,0.69
19:14:42.715394,0.84,-0.2,-0.31,-0.4,0.68,-0,0.69
19:14:42.733552,0.84,-0.2,-0.3,-0.4,0.73,-0,0.68
19:14:42.733648,0.84,-0.19,-0.3,-0.41,0.78,-0.01,0.69
19:14:42.750775,0.84,-0.19,-0.29,-0.41,0.77,-0.02,0.7
19:14:42.750884,0.85,-0.19,-0.28,-0.41,0.73,-0.03,0.71
19:14:42.776685,0.85,-0.18,-0.28,-0.42,0.69,-0.02,0.72
19:14:42.776788,0.85,-0.18,-0.27,-0.42,0.67,-0.02,0.73
19:14:42.807700,0.85,-0.17,-0.27,-0.43,0.67,-0.01,0.75
19:14:42.807806,0.85,-0.17,-0.26,-0.43,0.67,-0.01,0.77
19:14:42.807892,0.85,-0.17,-0.26,-0.43,0.66,-0.02,0.78
19:14:42.809430,0.85,-0.17,-0.25,-0.43,0.65,-0.03,0.78
19:14:42.838702,0.85,-0.16,-0.24,-0.43,0.65,-0.02,0.77
19:14:42.838810,0.85,-0.16,-0.24,-0.44,0.66,-0.02,0.77
19:14:42.839452,0.85,-0.16,-0.23,-0.44,0.66,-0.01,0.78
19:14:42.870720,0.85,-0.16,-0.23,-0.44,0.67,0,0.78
19:14:42.870823,0.85,-0.15,-0.23,-0.44,0.67,0.01,0.79
19:14:42.870909,0.85,-0.15,-0.22,-0.45,0.65,0.02,0.79
19:14:42.900533,0.85,-0.15,-0.22,-0.45,0.62,0.01,0.79
19:14:42.900634,0.85,-0.15,-0.21,-0.45,0.6,-0,0.8
19:14:42.900722,0.85,-0.15,-0.21,-0.45,0.59,-0.01,0.8
19:14:42.932543,0.85,-0.15,-0.2,-0.45,0.58,-0.02,0.82
19:14:42.932644,0.85,-0.15,-0.2,-0.46,0.56,-0.04,0.84
19:14:42.932767,0.85,-0.15,-0.2,-0.46,0.54,-0.06,0.87
19:14:42.950334,0.85,-0.15,-0.19,-0.46,0.52,-0.07,0.9
19:14:42.950425,0.85,-0.16,-0.19,-0.46,0.52,-0.07,0.93
19:14:42.967278,0.85,-0.16,-0.19,-0.46,0.54,-0.07,0.94
19:14:42.994536,0.85,-0.16,-0.19,-0.46,0.55,-0.07,0.94
19:14:42.994638,0.85,-0.16,-0.19,-0.46,0.57,-0.07,0.93
19:14:42.994724,0.85,-0.16,-0.19,-0.46,0.57,-0.06,0.9
19:14:43.025430,0.85,-0.16,-0.19,-0.46,0.58,-0.05,0.87
19:14:43.025559,0.85,-0.16,-0.19,-0.46,0.57,-0.05,0.84
19:14:43.025645,0.85,-0.16,-0.19,-0.46,0.56,-0.05,0.82
19:14:43.056498,0.85,-0.16,-0.18,-0.47,0.55,-0.05,0.8
19:14:43.056607,0.85,-0.16,-0.18,-0.47,0.55,-0.05,0.8
19:14:43.056692,0.85,-0.16,-0.18,-0.47,0.55,-0.07,0.84
19:14:43.087447,0.85,-0.17,-0.17,-0.47,0.55,-0.09,0.88
19:14:43.087551,0.85,-0.17,-0.17,-0.47,0.55,-0.11,0.92
19:14:43.087647,0.85,-0.17,-0.17,-0.47,0.54,-0.13,0.95
19:14:43.118475,0.85,-0.17,-0.17,-0.47,0.54,-0.13,0.96
19:14:43.118584,0.85,-0.17,-0.17,-0.47,0.54,-0.12,0.95
19:14:43.118668,0.85,-0.17,-0.17,-0.47,0.54,-0.1,0.92
19:14:43.120002,0.85,-0.17,-0.17,-0.47,0.54,-0.08,0.88
19:14:43.150132,0.85,-0.18,-0.16,-0.47,0.52,-0.08,0.85
19:14:43.150281,0.85,-0.18,-0.16,-0.47,0.51,-0.08,0.83
19:14:43.150424,0.85,-0.18,-0.16,-0.47,0.51,-0.09,0.84
19:14:43.167445,0.85,-0.19,-0.16,-0.47,0.52,-0.09,0.87
19:14:43.195128,0.85,-0.19,-0.16,-0.47,0.55,-0.12,0.93
19:14:43.195239,0.85,-0.2,-0.16,-0.46,0.57,-0.15,0.98
19:14:43.195325,0.85,-0.2,-0.15,-0.46,0.58,-0.18,1.01
19:14:43.226512,0.85,-0.2,-0.15,-0.46,0.59,-0.19,1.02
19:14:43.226618,0.86,-0.2,-0.15,-0.45,0.6,-0.2,1
19:14:43.226739,0.86,-0.2,-0.15,-0.45,0.6,-0.2,0.97
19:14:43.257081,0.86,-0.21,-0.15,-0.44,0.59,-0.19,0.93
19:14:43.257220,0.86,-0.21,-0.15,-0.43,0.58,-0.19,0.88
19:14:43.257330,0.87,-0.21,-0.15,-0.43,0.57,-0.19,0.84
19:14:43.287783,0.87,-0.21,-0.15,-0.42,0.56,-0.2,0.82
19:14:43.287887,0.87,-0.22,-0.15,-0.41,0.58,-0.23,0.83
19:14:43.287974,0.87,-0.22,-0.15,-0.41,0.62,-0.26,0.88
19:14:43.289998,0.88,-0.23,-0.15,-0.4,0.65,-0.31,0.93
19:14:43.319442,0.88,-0.23,-0.15,-0.39,0.68,-0.35,0.96
19:14:43.319541,0.88,-0.23,-0.15,-0.38,0.69,-0.38,0.97
19:14:43.320001,0.89,-0.23,-0.14,-0.37,0.69,-0.39,0.94
19:14:43.350542,0.89,-0.23,-0.14,-0.36,0.68,-0.38,0.89
19:14:43.350650,0.9,-0.23,-0.14,-0.36,0.66,-0.37,0.85
19:14:43.350726,0.9,-0.22,-0.14,-0.35,0.6,-0.36,0.81
19:14:43.367447,0.9,-0.22,-0.14,-0.34,0.53,-0.36,0.8
19:14:43.398085,0.91,-0.22,-0.14,-0.33,0.48,-0.36,0.81
19:14:43.398199,0.91,-0.22,-0.14,-0.32,0.46,-0.38,0.84
19:14:43.398284,0.92,-0.22,-0.13,-0.31,0.47,-0.42,0.86
19:14:43.400060,0.92,-0.22,-0.13,-0.3,0.49,-0.45,0.87
19:14:43.416926,0.92,-0.21,-0.13,-0.29,0.5,-0.47,0.88
19:14:43.433602,0.93,-0.21,-0.13,-0.28,0.5,-0.48,0.87
19:14:43.433684,0.93,-0.21,-0.12,-0.27,0.49,-0.47,0.86
19:14:43.450280,0.94,-0.2,-0.12,-0.26,0.47,-0.43,0.83
19:14:43.450362,0.94,-0.2,-0.12,-0.25,0.44,-0.39,0.8
19:14:43.467449,0.94,-0.19,-0.11,-0.25,0.39,-0.36,0.79
19:14:43.492058,0.95,-0.19,-0.11,-0.24,0.34,-0.39,0.81
19:14:43.492159,0.95,-0.19,-0.11,-0.23,0.31,-0.44,0.85
19:14:43.492245,0.95,-0.18,-0.11,-0.22,0.3,-0.49,0.88
19:14:43.523144,0.96,-0.18,-0.1,-0.21,0.29,-0.52,0.9
19:14:43.523249,0.96,-0.18,-0.1,-0.2,0.29,-0.54,0.9
19:14:43.523335,0.96,-0.18,-0.1,-0.19,0.29,-0.53,0.91
19:14:43.555155,0.96,-0.17,-0.1,-0.18,0.27,-0.5,0.91
19:14:43.555259,0.96,-0.17,-0.1,-0.17,0.25,-0.48,0.91
19:14:43.555344,0.97,-0.17,-0.1,-0.16,0.25,-0.46,0.91
19:14:43.585588,0.97,-0.16,-0.1,-0.15,0.25,-0.44,0.9
19:14:43.585715,0.97,-0.16,-0.1,-0.14,0.26,-0.42,0.89
19:14:43.585802,0.97,-0.16,-0.1,-0.13,0.26,-0.4,0.87
19:14:43.616637,0.98,-0.15,-0.1,-0.12,0.25,-0.39,0.86
19:14:43.616741,0.98,-0.15,-0.1,-0.11,0.24,-0.37,0.84
19:14:43.616827,0.98,-0.15,-0.09,-0.11,0.23,-0.34,0.83
19:14:43.633470,0.98,-0.14,-0.09,-0.1,0.22,-0.32,0.82
19:14:43.633569,0.98,-0.14,-0.09,-0.09,0.22,-0.3,0.81
19:14:43.650278,0.98,-0.14,-0.08,-0.09,0.2,-0.29,0.82
19:14:43.650408,0.98,-0.14,-0.08,-0.08,0.19,-0.29,0.83
19:14:43.667696,0.99,-0.14,-0.07,-0.07,0.17,-0.28,0.84
19:14:43.692316,0.99,-0.13,-0.07,-0.07,0.15,-0.27,0.86
19:14:43.692461,0.99,-0.13,-0.06,-0.06,0.14,-0.26,0.87
19:14:43.692554,0.99,-0.13,-0.06,-0.06,0.12,-0.26,0.89
19:14:43.722564,0.99,-0.13,-0.06,-0.05,0.1,-0.25,0.91
19:14:43.722675,0.99,-0.13,-0.05,-0.05,0.09,-0.22,0.91
19:14:43.722761,0.99,-0.13,-0.05,-0.04,0.07,-0.19,0.9
19:14:43.752928,0.99,-0.13,-0.05,-0.04,0.05,-0.15,0.89
19:14:43.753028,0.99,-0.12,-0.05,-0.03,0.03,-0.14,0.89
19:14:43.753113,0.99,-0.12,-0.05,-0.03,0.03,-0.14,0.9
19:14:43.784937,0.99,-0.11,-0.05,-0.02,0.04,-0.15,0.93
19:14:43.785037,0.99,-0.11,-0.05,-0.02,0.05,-0.17,0.96
19:14:43.785122,0.99,-0.1,-0.05,-0.01,0.04,-0.19,0.99
19:14:43.816981,0.99,-0.1,-0.05,-0.01,0.02,-0.2,1.01
19:14:43.817099,0.99,-0.1,-0.05,0,-0.01,-0.2,1.01
19:14:43.817183,0.99,-0.09,-0.05,0.01,-0.03,-0.19,1
19:14:43.833636,0.99,-0.09,-0.05,0.02,-0.04,-0.18,0.99
19:14:43.833721,0.99,-0.09,-0.06,0.03,-0.03,-0.18,0.98
19:14:43.863503,0.99,-0.08,-0.06,0.04,-0.01,-0.18,0.97
19:14:43.863604,0.99,-0.07,-0.06,0.04,0.01,-0.17,0.96
19:14:43.863688,0.99,-0.07,-0.06,0.05,0.02,-0.17,0.96
19:14:43.894498,0.99,-0.06,-0.06,0.06,0.05,-0.15,0.95
19:14:43.894596,0.99,-0.05,-0.06,0.07,0.06,-0.12,0.94
19:14:43.894680,0.99,-0.05,-0.06,0.07,0.05,-0.1,0.93
19:14:43.925528,0.99,-0.04,-0.06,0.08,0.03,-0.07,0.92
19:14:43.925631,0.99,-0.04,-0.06,0.08,0.02,-0.05,0.92
19:14:43.925714,0.99,-0.03,-0.07,0.09,0.04,-0.03,0.93
19:14:43.955870,0.99,-0.02,-0.07,0.09,0.08,0,0.93
19:14:43.955996,0.99,-0.01,-0.07,0.09,0.13,0.03,0.92
19:14:43.956131,0.99,-0.01,-0.06,0.09,0.16,0.04,0.9
19:14:43.987219,0.99,0,-0.05,0.09,0.15,0.05,0.88
19:14:43.987317,1,0.01,-0.04,0.09,0.11,0.06,0.88
19:14:43.987501,1,0.01,-0.03,0.09,0.06,0.06,0.89
19:14:44.018282,1,0.02,-0.03,0.09,0.01,0.06,0.91
19:14:44.018398,1,0.02,-0.03,0.09,-0.03,0.08,0.94
19:14:44.018480,0.99,0.02,-0.03,0.09,-0.04,0.11,0.99
19:14:44.020389,0.99,0.03,-0.04,0.09,-0.02,0.14,1
19:14:44.049245,0.99,0.03,-0.04,0.09,-0,0.16,0.98
19:14:44.049342,0.99,0.03,-0.05,0.09,0.03,0.17,0.96
19:14:44.050381,0.99,0.03,-0.05,0.1,0.08,0.17,0.97
19:14:44.066836,0.99,0.03,-0.06,0.1,0.11,0.15,0.98
19:14:44.083610,0.99,0.04,-0.06,0.1,0.11,0.13,1
19:14:44.083688,0.99,0.04,-0.06,0.1,0.1,0.12,1.02
19:14:44.111043,0.99,0.04,-0.06,0.1,0.09,0.12,1.03
19:14:44.111140,0.99,0.04,-0.06,0.1,0.09,0.13,1.03
19:14:44.111223,0.99,0.05,-0.07,0.1,0.09,0.15,1.01
19:14:44.142049,0.99,0.05,-0.07,0.1,0.09,0.19,0.98
19:14:44.142149,0.99,0.05,-0.08,0.1,0.12,0.22,0.96
19:14:44.142234,0.99,0.05,-0.09,0.11,0.14,0.24,0.93
19:14:44.173498,0.99,0.05,-0.09,0.11,0.16,0.24,0.92
19:14:44.173596,0.99,0.05,-0.09,0.11,0.17,0.24,0.91
19:14:44.173678,0.99,0.05,-0.09,0.11,0.18,0.24,0.91
19:14:44.203699,0.99,0.05,-0.09,0.11,0.18,0.23,0.9
19:14:44.203818,0.99,0.05,-0.09,0.11,0.18,0.22,0.9
19:14:44.203900,0.99,0.05,-0.09,0.11,0.17,0.2,0.9
19:14:44.235208,0.99,0.05,-0.1,0.11,0.16,0.19,0.9
19:14:44.235306,0.99,0.04,-0.1,0.11,0.15,0.2,0.9
19:14:44.235388,0.99,0.04,-0.1,0.11,0.13,0.2,0.92
19:14:44.267231,0.99,0.04,-0.1,0.11,0.13,0.2,0.95
19:14:44.267337,0.99,0.04,-0.1,0.11,0.14,0.2,1
19:14:44.267422,0.99,0.04,-0.1,0.11,0.15,0.19,1.03
19:14:44.298015,0.99,0.04,-0.1,0.11,0.15,0.18,1.05
19:14:44.298115,0.99,0.04,-0.1,0.11,0.15,0.16,1.06
19:14:44.298198,0.99,0.04,-0.1,0.11,0.15,0.14,1.06
19:14:44.316849,0.99,0.04,-0.1,0.11,0.15,0.13,1.04
19:14:44.316946,0.99,0.04,-0.11,0.11,0.14,0.12,1.02
19:14:44.333541,0.99,0.04,-0.11,0.11,0.14,0.12,1.01
19:14:44.333618,0.99,0.05,-0.11,0.11,0.14,0.13,1
19:14:44.359494,0.99,0.05,-0.11,0.11,0.15,0.14,0.99
19:14:44.359596,0.99,0.05,-0.11,0.11,0.16,0.16,0.97
19:14:44.360950,0.99,0.05,-0.11,0.11,0.17,0.17,0.95
19:14:44.390522,0.99,0.05,-0.11,0.11,0.17,0.18,0.94
19:14:44.390620,0.99,0.05,-0.11,0.11,0.16,0.19,0.94
19:14:44.390956,0.99,0.05,-0.11,0.11,0.16,0.2,0.94
19:14:44.421085,0.99,0.05,-0.11,0.11,0.17,0.2,0.94
19:14:44.421196,0.99,0.05,-0.11,0.11,0.19,0.2,0.94
19:14:44.421277,0.99,0.06,-0.11,0.11,0.2,0.21,0.94
19:14:44.452354,0.99,0.06,-0.11,0.11,0.2,0.22,0.95
19:14:44.452460,0.99,0.06,-0.11,0.1,0.19,0.22,0.95
19:14:44.452541,0.99,0.06,-0.11,0.1,0.18,0.23,0.94
19:14:44.484084,0.99,0.05,-0.11,0.1,0.17,0.23,0.93
19:14:44.484192,0.99,0.05,-0.11,0.1,0.16,0.23,0.93
19:14:44.484274,0.99,0.05,-0.11,0.1,0.16,0.24,0.93
19:14:44.514289,0.99,0.05,-0.11,0.09,0.18,0.25,0.93
19:14:44.514390,0.99,0.05,-0.1,0.09,0.19,0.25,0.93
19:14:44.514473,0.99,0.05,-0.1,0.09,0.2,0.25,0.93
19:14:44.533481,0.99,0.04,-0.1,0.08,0.2,0.24,0.93
19:14:44.533579,0.99,0.04,-0.09,0.08,0.21,0.22,0.93
19:14:44.550358,0.99,0.04,-0.09,0.08,0.21,0.19,0.94
19:14:44.550943,0.99,0.03,-0.09,0.07,0.19,0.17,0.95
19:14:44.575456,0.99,0.03,-0.09,0.07,0.18,0.16,0.96
19:14:44.575555,0.99,0.03,-0.08,0.07,0.16,0.16,0.96
19:14:44.606040,0.99,0.03,-0.08,0.07,0.17,0.17,0.96
19:14:44.606139,0.99,0.03,-0.08,0.06,0.17,0.18,0.97
19:14:44.606221,0.99,0.02,-0.08,0.06,0.18,0.19,0.97
19:14:44.637148,1,0.02,-0.08,0.06,0.2,0.19,0.97
19:14:44.637262,1,0.02,-0.07,0.05,0.23,0.18,0.97
19:14:44.637345,1,0.02,-0.07,0.05,0.27,0.17,0.96
19:14:44.667145,1,0.01,-0.06,0.04,0.31,0.16,0.95
19:14:44.667250,1,0.01,-0.06,0.04,0.33,0.16,0.95
19:14:44.667330,1,0.01,-0.05,0.03,0.33,0.16,0.96
19:14:44.698018,1,0.01,-0.04,0.03,0.3,0.16,0.97
19:14:44.698115,1,0,-0.03,0.02,0.23,0.16,0.98
19:14:44.698196,1,0,-0.03,0.02,0.16,0.14,0.99
19:14:44.716807,1,0,-0.02,0.01,0.1,0.11,1
19:14:44.716904,1,-0,-0.02,0.01,0.08,0.1,1.01
19:14:44.733555,1,-0,-0.02,0,0.09,0.1,1.01
19:14:44.733632,1,0,-0.03,0,0.11,0.11,1.02
19:14:44.759909,1,0,-0.03,-0,0.13,0.12,1.02
19:14:44.760007,1,0,-0.03,-0.01,0.15,0.13,1.03
19:14:44.760937,1,0,-0.03,-0.01,0.17,0.13,1.03
19:14:44.790875,1,0,-0.03,-0.01,0.19,0.12,1.04
19:14:44.790977,1,0,-0.03,-0.02,0.2,0.11,1.04
19:14:44.791060,1,0,-0.03,-0.02,0.19,0.12,1.04
19:14:44.822252,1,0,-0.03,-0.03,0.16,0.12,1.04
19:14:44.822358,1,0,-0.03,-0.03,0.13,0.12,1.05
19:14:44.822442,1,0,-0.03,-0.03,0.1,0.11,1.06
19:14:44.854315,1,0,-0.03,-0.04,0.09,0.09,1.05
19:14:44.854430,1,0.01,-0.02,-0.04,0.09,0.07,1.05
19:14:44.854513,1,0.01,-0.02,-0.04,0.08,0.06,1.04
19:14:44.886423,1,0.01,-0.02,-0.04,0.07,0.06,1.04
19:14:44.886529,1,0.01,-0.02,-0.04,0.07,0.08,1.03
19:14:44.886612,1,0.01,-0.02,-0.04,0.06,0.1,1.03
19:14:44.918428,1,0,-0.02,-0.04,0.08,0.1,1.02
19:14:44.918527,1,0,-0.03,-0.04,0.11,0.08,1.02
19:14:44.918610,1,0,-0.03,-0.04,0.13,0.05,1.02
19:14:44.949940,1,0,-0.03,-0.04,0.13,0.03,1.02
19:14:44.950036,1,0,-0.03,-0.04,0.12,0.03,1
19:14:44.950117,1,0,-0.03,-0.04,0.1,0.03,0.99
19:14:44.951348,1,0.01,-0.03,-0.04,0.1,0.02,0.97
19:14:44.966769,1,0.01,-0.04,-0.04,0.12,0.02,0.94
19:14:44.983555,1,0.01,-0.04,-0.04,0.15,0.02,0.92
19:14:44.983634,1,0.01,-0.05,-0.04,0.18,0.01,0.91
19:14:45.011444,1,0.01,-0.06,-0.04,0.22,0.01,0.92
19:14:45.011543,1,0,-0.06,-0.03,0.26,0.01,0.93
19:14:45.011624,1,0,-0.07,-0.03,0.28,0,0.94
19:14:45.043009,1,-0,-0.07,-0.03,0.29,-0.01,0.95
19:14:45.043132,1,-0,-0.08,-0.03,0.27,-0.02,0.97
19:14:45.043218,1,-0,-0.08,-0.02,0.25,-0.03,1
19:14:45.074439,1,-0.01,-0.08,-0.02,0.24,-0.05,1.02
19:14:45.074544,1,-0.01,-0.07,-0.02,0.23,-0.06,1.02
19:14:45.074630,1,-0.01,-0.07,-0.01,0.22,-0.07,1
19:14:45.105085,1,-0.01,-0.08,-0.01,0.2,-0.08,0.97
19:14:45.105186,1,-0.01,-0.08,0,0.19,-0.09,0.95
19:14:45.105271,1,-0.01,-0.09,0.01,0.19,-0.09,0.94
19:14:45.136035,0.99,-0.02,-0.1,0.02,0.21,-0.1,0.94
19:14:45.136136,0.99,-0.02,-0.11,0.03,0.25,-0.12,0.95
19:14:45.136221,0.99,-0.02,-0.12,0.04,0.3,-0.13,0.96
19:14:45.167172,0.99,-0.02,-0.12,0.05,0.35,-0.15,0.96
19:14:45.167270,0.99,-0.03,-0.12,0.05,0.37,-0.15,0.96
19:14:45.167353,0.99,-0.03,-0.12,0.06,0.37,-0.16,0.95
19:14:45.184032,0.99,-0.04,-0.11,0.07,0.33,-0.16,0.95
19:14:45.184151,0.99,-0.05,-0.11,0.07,0.3,-0.18,0.95
19:14:45.201144,0.99,-0.05,-0.11,0.08,0.26,-0.19,0.94
19:14:45.201474,0.99,-0.06,-0.12,0.09,0.23,-0.2,0.94
19:14:45.229297,0.98,-0.07,-0.12,0.1,0.22,-0.24,0.94
19:14:45.229406,0.98,-0.07,-0.13,0.11,0.24,-0.27,0.95
19:14:45.260282,0.98,-0.08,-0.13,0.12,0.29,-0.28,0.97
19:14:45.260386,0.98,-0.08,-0.13,0.13,0.33,-0.28,0.97
19:14:45.260455,0.98,-0.09,-0.13,0.13,0.35,-0.28,0.98
19:14:45.261920,0.98,-0.1,-0.12,0.14,0.36,-0.28,0.97
19:14:45.291292,0.98,-0.11,-0.11,0.14,0.35,-0.3,0.97
19:14:45.291393,0.98,-0.12,-0.1,0.14,0.32,-0.32,0.98
19:14:45.291917,0.98,-0.13,-0.09,0.14,0.28,-0.33,1
19:14:45.323251,0.98,-0.14,-0.08,0.15,0.23,-0.35,1.01
19:14:45.323359,0.97,-0.15,-0.07,0.15,0.19,-0.35,1.01
19:14:45.323476,0.97,-0.15,-0.07,0.15,0.14,-0.36,0.98
19:14:45.354333,0.97,-0.16,-0.07,0.16,0.1,-0.36,0.95
19:14:45.354462,0.97,-0.16,-0.08,0.17,0.06,-0.36,0.93
19:14:45.354547,0.97,-0.16,-0.09,0.18,0.03,-0.35,0.89
19:14:45.385317,0.97,-0.16,-0.09,0.18,0.02,-0.34,0.86
19:14:45.385421,0.96,-0.16,-0.1,0.19,0.07,-0.34,0.84
19:14:45.385492,0.96,-0.16,-0.1,0.19,0.13,-0.34,0.85
19:14:45.417307,0.96,-0.17,-0.09,0.19,0.16,-0.34,0.87
19:14:45.417428,0.96,-0.17,-0.08,0.19,0.17,-0.35,0.91
19:14:45.417514,0.96,-0.18,-0.07,0.18,0.16,-0.36,0.94
19:14:45.448387,0.96,-0.19,-0.05,0.18,0.15,-0.37,0.96
19:14:45.448523,0.96,-0.19,-0.03,0.18,0.14,-0.39,0.96
19:14:45.448593,0.96,-0.2,-0.02,0.17,0.11,-0.41,0.94
19:14:45.467077,0.96,-0.2,-0,0.17,0.05,-0.42,0.9
19:14:45.467174,0.96,-0.2,0.01,0.17,-0.04,-0.41,0.88
19:14:45.484768,0.96,-0.21,0.02,0.17,-0.12,-0.41,0.88
19:14:45.485136,0.96,-0.21,0.02,0.17,-0.17,-0.42,0.89
19:14:45.509300,0.96,-0.21,0.03,0.17,-0.19,-0.42,0.91
19:14:45.509410,0.96,-0.21,0.04,0.16,-0.19,-0.41,0.92
19:14:45.540276,0.96,-0.21,0.05,0.16,-0.16,-0.39,0.92
19:14:45.540376,0.96,-0.21,0.06,0.16,-0.13,-0.4,0.91
19:14:45.540460,0.96,-0.21,0.07,0.15,-0.13,-0.4,0.89
19:14:45.541909,0.96,-0.21,0.08,0.15,-0.16,-0.38,0.88
19:14:45.570227,0.96,-0.21,0.1,0.15,-0.2,-0.36,0.87
19:14:45.570325,0.96,-0.21,0.11,0.14,-0.24,-0.34,0.88
19:14:45.571908,0.96,-0.21,0.12,0.14,-0.26,-0.34,0.88
19:14:45.601271,0.96,-0.21,0.14,0.14,-0.28,-0.37,0.87
19:14:45.601371,0.95,-0.22,0.16,0.13,-0.3,-0.4,0.85
19:14:45.601912,0.95,-0.22,0.18,0.12,-0.33,-0.4,0.83
19:14:45.632586,0.95,-0.22,0.19,0.12,-0.37,-0.38,0.82
19:14:45.632686,0.95,-0.22,0.2,0.11,-0.4,-0.36,0.81
19:14:45.632773,0.95,-0.22,0.21,0.11,-0.41,-0.35,0.82
19:14:45.650387,0.94,-0.22,0.22,0.11,-0.41,-0.34,0.83
19:14:45.651914,0.94,-0.22,0.23,0.11,-0.42,-0.36,0.82
19:14:45.667127,0.94,-0.22,0.24,0.1,-0.45,-0.37,0.79
19:14:45.695103,0.94,-0.22,0.25,0.1,-0.5,-0.4,0.75
19:14:45.695203,0.94,-0.22,0.26,0.1,-0.54,-0.42,0.73
19:14:45.695288,0.94,-0.22,0.26,0.1,-0.55,-0.43,0.72
19:14:45.725116,0.94,-0.22,0.26,0.11,-0.54,-0.41,0.73
19:14:45.725217,0.93,-0.22,0.26,0.11,-0.52,-0.39,0.74
19:14:45.725301,0.93,-0.21,0.27,0.11,-0.52,-0.35,0.75
19:14:45.756168,0.93,-0.21,0.27,0.11,-0.53,-0.33,0.75
19:14:45.756274,0.93,-0.21,0.28,0.11,-0.54,-0.34,0.75
19:14:45.756359,0.93,-0.22,0.29,0.1,-0.57,-0.36,0.74
19:14:45.786053,0.93,-0.21,0.29,0.1,-0.6,-0.37,0.73
19:14:45.786158,0.92,-0.21,0.3,0.1,-0.62,-0.39,0.72
19:14:45.786241,0.92,-0.21,0.31,0.1,-0.63,-0.39,0.71
19:14:45.816481,0.92,-0.21,0.31,0.1,-0.64,-0.38,0.7
19:14:45.816581,0.92,-0.21,0.32,0.1,-0.65,-0.38,0.69
19:14:45.816667,0.92,-0.21,0.32,0.1,-0.65,-0.37,0.69
19:14:45.833495,0.92,-0.2,0.32,0.1,-0.65,-0.37,0.69
19:14:45.833590,0.92,-0.2,0.33,0.09,-0.65,-0.38,0.68
19:14:45.850282,0.92,-0.2,0.34,0.09,-0.66,-0.39,0.66
19:14:45.852316,0.91,-0.2,0.35,0.09,-0.67,-0.39,0.64
19:14:45.867114,0.91,-0.2,0.36,0.08,-0.68,-0.39,0.61
19:14:45.883840,0.91,-0.19,0.36,0.08,-0.68,-0.38,0.58
19:14:45.883943,0.91,-0.19,0.37,0.08,-0.68,-0.36,0.57
19:14:45.908340,0.91,-0.19,0.37,0.08,-0.7,-0.33,0.57
19:14:45.908479,0.91,-0.18,0.37,0.08,-0.71,-0.32,0.58
19:14:45.939361,0.91,-0.18,0.37,0.08,-0.72,-0.32,0.6
19:14:45.939464,0.91,-0.18,0.37,0.07,-0.72,-0.33,0.61
19:14:45.939548,0.91,-0.17,0.37,0.07,-0.71,-0.35,0.62
19:14:45.970387,0.91,-0.17,0.38,0.07,-0.7,-0.36,0.61
19:14:45.970487,0.91,-0.17,0.38,0.06,-0.71,-0.35,0.59
19:14:45.970571,0.91,-0.16,0.38,0.06,-0.7,-0.34,0.56
19:14:45.972311,0.91,-0.16,0.39,0.06,-0.69,-0.31,0.54
19:14:46.000375,0.9,-0.15,0.4,0.05,-0.69,-0.29,0.52
19:14:46.000474,0.9,-0.15,0.4,0.05,-0.71,-0.26,0.5
19:14:46.002310,0.9,-0.15,0.41,0.05,-0.73,-0.25,0.5
19:14:46.031417,0.9,-0.14,0.41,0.04,-0.74,-0.24,0.5
19:14:46.031523,0.9,-0.14,0.41,0.04,-0.77,-0.25,0.49
19:14:46.032318,0.9,-0.14,0.41,0.04,-0.79,-0.26,0.48
19:14:46.050148,0.9,-0.13,0.41,0.04,-0.8,-0.27,0.48
19:14:46.066874,0.9,-0.13,0.41,0.03,-0.8,-0.27,0.49
19:14:46.066955,0.9,-0.12,0.41,0.03,-0.78,-0.25,0.49
19:14:46.083768,0.91,-0.12,0.41,0.03,-0.76,-0.24,0.5
19:14:46.083862,0.91,-0.11,0.41,0.03,-0.75,-0.22,0.5
19:14:46.108191,0.91,-0.11,0.41,0.03,-0.73,-0.21,0.5
19:14:46.108304,0.91,-0.1,0.41,0.02,-0.72,-0.2,0.5
19:14:46.139036,0.91,-0.1,0.41,0.02,-0.72,-0.2,0.5
19:14:46.139138,0.91,-0.1,0.41,0.02,-0.72,-0.19,0.49
19:14:46.139222,0.91,-0.09,0.41,0.02,-0.73,-0.16,0.49
19:14:46.169680,0.91,-0.09,0.41,0.01,-0.73,-0.14,0.49
19:14:46.169784,0.91,-0.09,0.41,0.01,-0.73,-0.12,0.49
19:14:46.169868,0.91,-0.08,0.4,0.01,-0.73,-0.1,0.49
19:14:46.200669,0.92,-0.08,0.39,0.01,-0.73,-0.09,0.5
19:14:46.200777,0.92,-0.08,0.38,0.01,-0.73,-0.09,0.52
19:14:46.200914,0.93,-0.08,0.37,0.01,-0.72,-0.1,0.55
19:14:46.202308,0.93,-0.08,0.36,0.01,-0.7,-0.1,0.58
19:14:46.217759,0.93,-0.08,0.35,0,-0.69,-0.08,0.62
19:14:46.247334,0.94,-0.07,0.34,0,-0.69,-0.07,0.67
19:14:46.247468,0.94,-0.07,0.33,-0,-0.67,-0.05,0.71
19:14:46.247558,0.95,-0.07,0.32,-0,-0.63,-0.03,0.73
19:14:46.277982,0.95,-0.07,0.3,-0.01,-0.59,-0.03,0.73
19:14:46.278084,0.96,-0.06,0.28,-0.01,-0.56,-0.05,0.72
19:14:46.278172,0.96,-0.06,0.26,-0.01,-0.56,-0.08,0.72
19:14:46.308277,0.97,-0.06,0.23,-0.01,-0.57,-0.09,0.75
19:14:46.308398,0.98,-0.05,0.21,-0.02,-0.56,-0.08,0.79
19:14:46.308483,0.98,-0.05,0.19,-0.02,-0.53,-0.05,0.83
19:14:46.338991,0.98,-0.05,0.17,-0.03,-0.49,-0.03,0.87
19:14:46.339101,0.99,-0.05,0.16,-0.03,-0.46,-0.01,0.91
19:14:46.339213,0.99,-0.05,0.15,-0.04,-0.43,-0.01,0.96
19:14:46.369684,0.99,-0.04,0.13,-0.05,-0.41,-0.01,0.99
19:14:46.369784,0.99,-0.04,0.1,-0.05,-0.41,-0.04,1.02
19:14:46.369869,1,-0.04,0.07,-0.06,-0.43,-0.08,1.03
19:14:46.399921,1,-0.03,0.04,-0.06,-0.43,-0.12,1.02
19:14:46.400021,1,-0.03,0,-0.06,-0.37,-0.11,1
19:14:46.400106,1,-0.02,-0.03,-0.07,-0.26,-0.08,0.98
19:14:46.416855,1,-0.02,-0.06,-0.07,-0.14,-0.04,0.96
19:14:46.416935,0.99,-0.02,-0.09,-0.08,-0.04,-0,0.96
19:14:46.433564,0.99,-0.02,-0.11,-0.08,0.02,0.02,0.98
19:14:46.433643,0.99,-0.02,-0.14,-0.08,0.03,0.01,1.02
19:14:46.462000,0.98,-0.01,-0.17,-0.08,0.05,0.01,1.04
19:14:46.462111,0.98,-0.01,-0.2,-0.08,0.12,0.03,1.03
19:14:46.462874,0.97,-0.01,-0.23,-0.09,0.21,0.04,0.99
19:14:46.493238,0.96,-0.01,-0.26,-0.09,0.28,0.03,0.93
19:14:46.493343,0.95,-0.01,-0.28,-0.09,0.36,0.03,0.86
19:14:46.493427,0.95,-0.01,-0.3,-0.1,0.43,0.05,0.79
19:14:46.524050,0.94,-0.01,-0.32,-0.1,0.47,0.07,0.73
19:14:46.524219,0.94,-0.01,-0.33,-0.11,0.44,0.09,0.72
19:14:46.524317,0.93,-0.01,-0.35,-0.11,0.4,0.1,0.73
19:14:46.553981,0.92,-0.01,-0.37,-0.11,0.41,0.12,0.73
19:14:46.554078,0.91,-0.01,-0.4,-0.11,0.51,0.15,0.7
19:14:46.554160,0.9,-0.01,-0.42,-0.12,0.63,0.18,0.66
19:14:46.585010,0.89,-0.01,-0.43,-0.12,0.73,0.19,0.62
19:14:46.585109,0.89,-0.02,-0.45,-0.12,0.81,0.17,0.58
19:14:46.585192,0.88,-0.02,-0.45,-0.12,0.83,0.14,0.58
19:14:46.616019,0.88,-0.02,-0.46,-0.13,0.79,0.11,0.63
19:14:46.616152,0.87,-0.02,-0.47,-0.13,0.75,0.1,0.67
19:14:46.616242,0.86,-0.02,-0.49,-0.13,0.76,0.11,0.68
19:14:46.633497,0.85,-0.03,-0.51,-0.13,0.79,0.13,0.65
19:14:46.633596,0.84,-0.03,-0.53,-0.13,0.83,0.14,0.58
19:14:46.650227,0.83,-0.03,-0.55,-0.13,0.88,0.15,0.49
19:14:46.678167,0.82,-0.03,-0.56,-0.13,0.93,0.17,0.39
19:14:46.678272,0.81,-0.03,-0.57,-0.13,0.95,0.18,0.33
19:14:46.678358,0.81,-0.03,-0.58,-0.13,0.95,0.19,0.31
19:14:46.709192,0.8,-0.04,-0.58,-0.13,0.94,0.18,0.31
19:14:46.709295,0.8,-0.04,-0.58,-0.13,0.93,0.18,0.33
19:14:46.709380,0.8,-0.04,-0.59,-0.13,0.93,0.17,0.35
19:14:46.739664,0.79,-0.04,-0.6,-0.14,0.94,0.16,0.35
19:14:46.739784,0.79,-0.04,-0.6,-0.14,0.97,0.17,0.32
19:14:46.739869,0.78,-0.04,-0.61,-0.14,1.01,0.17,0.26
19:14:46.770645,0.78,-0.05,-0.61,-0.14,1.04,0.17,0.21
19:14:46.770747,0.78,-0.05,-0.61,-0.14,1.05,0.16,0.17
19:14:46.770831,0.78,-0.05,-0.61,-0.14,1.04,0.15,0.15
19:14:46.772860,0.78,-0.05,-0.61,-0.14,1.04,0.15,0.15
19:14:46.800645,0.78,-0.05,-0.61,-0.15,1.02,0.15,0.17
19:14:46.800746,0.78,-0.05,-0.6,-0.15,0.99,0.14,0.22
19:14:46.831517,0.78,-0.05,-0.6,-0.15,0.97,0.13,0.27
19:14:46.831632,0.78,-0.05,-0.6,-0.15,0.97,0.13,0.29
19:14:46.831716,0.78,-0.05,-0.6,-0.15,0.99,0.13,0.28
19:14:46.832857,0.78,-0.05,-0.6,-0.15,1,0.13,0.26
19:14:46.850126,0.79,-0.04,-0.6,-0.15,1.01,0.14,0.23
19:14:46.866860,0.79,-0.04,-0.59,-0.16,1.02,0.14,0.21
19:14:46.866940,0.8,-0.04,-0.58,-0.16,1.02,0.15,0.2
19:14:46.892938,0.8,-0.04,-0.57,-0.16,1,0.15,0.21
19:14:46.893039,0.81,-0.03,-0.56,-0.16,0.94,0.14,0.25
19:14:46.893125,0.82,-0.03,-0.55,-0.17,0.88,0.13,0.31
19:14:46.923786,0.83,-0.03,-0.53,-0.17,0.83,0.12,0.38
19:14:46.923892,0.83,-0.03,-0.53,-0.17,0.81,0.12,0.44
19:14:46.923976,0.83,-0.03,-0.52,-0.17,0.82,0.12,0.47
19:14:46.953606,0.84,-0.03,-0.52,-0.17,0.85,0.12,0.48
19:14:46.953722,0.84,-0.03,-0.52,-0.17,0.89,0.11,0.43
19:14:46.953807,0.84,-0.03,-0.51,-0.17,0.92,0.11,0.38
19:14:46.983378,0.85,-0.02,-0.5,-0.17,0.94,0.12,0.36
19:14:46.983481,0.86,-0.02,-0.48,-0.17,0.94,0.12,0.37
19:14:46.983565,0.87,-0.02,-0.46,-0.17,0.93,0.13,0.41
19:14:47.000171,0.88,-0.01,-0.44,-0.18,0.9,0.12,0.45
19:14:47.016848,0.89,-0.01,-0.41,-0.18,0.86,0.1,0.49
19:14:47.016927,0.9,-0.01,-0.39,-0.18,0.81,0.08,0.54
19:14:47.045547,0.91,-0.01,-0.37,-0.19,0.76,0.06,0.6
19:14:47.045651,0.92,-0,-0.35,-0.19,0.72,0.06,0.65
19:14:47.045735,0.92,-0,-0.34,-0.19,0.68,0.07,0.69
19:14:47.076734,0.93,0,-0.33,-0.19,0.63,0.08,0.72
19:14:47.076833,0.93,0.01,-0.32,-0.19,0.59,0.09,0.73
19:14:47.076916,0.93,0.01,-0.3,-0.19,0.56,0.1,0.75
19:14:47.106968,0.94,0.02,-0.29,-0.19,0.52,0.12,0.77
19:14:47.107074,0.94,0.02,-0.28,-0.2,0.5,0.13,0.8
19:14:47.107158,0.94,0.03,-0.26,-0.2,0.49,0.13,0.84
19:14:47.137559,0.95,0.03,-0.25,-0.2,0.51,0.12,0.88
19:14:47.137658,0.95,0.03,-0.25,-0.2,0.54,0.12,0.92
19:14:47.137741,0.95,0.03,-0.24,-0.2,0.55,0.12,0.95
19:14:47.168700,0.95,0.03,-0.24,-0.2,0.54,0.12,0.96
19:14:47.168823,0.95,0.03,-0.24,-0.2,0.52,0.12,0.94
19:14:47.168907,0.95,0.03,-0.23,-0.21,0.5,0.13,0.91
19:14:47.199506,0.95,0.03,-0.23,-0.21,0.48,0.15,0.88
19:14:47.199612,0.95,0.04,-0.22,-0.21,0.45,0.17,0.88
19:14:47.199696,0.95,0.04,-0.21,-0.21,0.43,0.17,0.89
19:14:47.217771,0.95,0.04,-0.2,-0.22,0.41,0.16,0.92
19:14:47.217864,0.95,0.04,-0.2,-0.22,0.41,0.15,0.95
19:14:47.245994,0.96,0.04,-0.19,-0.22,0.39,0.15,1
19:14:47.246095,0.96,0.04,-0.19,-0.22,0.38,0.15,1.04
19:14:47.246178,0.96,0.04,-0.19,-0.22,0.37,0.15,1.06
19:14:47.277792,0.96,0.04,-0.19,-0.23,0.37,0.16,1.05
19:14:47.277891,0.96,0.04,-0.19,-0.23,0.36,0.18,1.04
19:14:47.277974,0.96,0.05,-0.18,-0.23,0.34,0.2,1.01
19:14:47.308356,0.96,0.05,-0.18,-0.23,0.31,0.22,0.97
19:14:47.308461,0.96,0.05,-0.18,-0.23,0.3,0.22,0.96
19:14:47.308547,0.96,0.05,-0.17,-0.23,0.3,0.22,0.97
19:14:47.339395,0.96,0.06,-0.17,-0.23,0.29,0.21,0.98
19:14:47.339494,0.96,0.06,-0.17,-0.23,0.28,0.21,1.01
19:14:47.339577,0.96,0.06,-0.16,-0.23,0.28,0.24,0.99
19:14:47.371002,0.96,0.07,-0.16,-0.23,0.3,0.24,0.98
19:14:47.371122,0.96,0.07,-0.16,-0.22,0.32,0.25,0.97
19:14:47.371206,0.96,0.07,-0.17,-0.22,0.35,0.24,0.95
19:14:47.401854,0.96,0.07,-0.17,-0.22,0.36,0.24,0.95
19:14:47.401955,0.96,0.08,-0.17,-0.22,0.35,0.25,0.93
19:14:47.402040,0.96,0.08,-0.17,-0.22,0.35,0.28,0.92
19:14:47.403260,0.96,0.08,-0.17,-0.22,0.34,0.3,0.91
19:14:47.432471,0.96,0.08,-0.16,-0.22,0.32,0.3,0.92
