Timestamp,Q_w,Q_x,Q_y,Q_z
2025-03-27 16:39:18.312,1.0,0.0,-0.0,0.0
2025-03-27 16:39:18.312,1.0,0.0,-0.0,0.0
2025-03-27 16:39:18.313,1.0,0.01,-0.0,0.0
2025-03-27 16:39:18.313,1.0,0.01,-0.0,0.0
2025-03-27 16:39:18.313,1.0,0.01,-0.0,0.0
2025-03-27 16:39:18.334,1.0,0.01,-0.0,0.0
2025-03-27 16:39:18.334,1.0,0.01,-0.0,0.0
2025-03-27 16:39:18.350,1.0,0.01,-0.0,0.0
2025-03-27 16:39:18.350,1.0,0.01,-0.0,0.0
2025-03-27 16:39:18.367,1.0,0.01,-0.0,0.0
2025-03-27 16:39:18.384,1.0,0.01,-0.0,0.0
2025-03-27 16:39:18.384,1.0,0.01,-0.0,0.0
2025-03-27 16:39:18.400,1.0,0.01,-0.0,0.0
2025-03-27 16:39:18.401,1.0,0.01,-0.0,0.0
2025-03-27 16:39:18.417,1.0,0.01,-0.0,0.0
2025-03-27 16:39:18.434,1.0,0.01,-0.0,0.0
2025-03-27 16:39:18.434,1.0,0.01,-0.0,0.0
2025-03-27 16:39:18.450,1.0,0.01,-0.0,0.0
2025-03-27 16:39:18.450,1.0,0.01,-0.0,0.0
2025-03-27 16:39:18.467,1.0,0.01,-0.0,0.0
2025-03-27 16:39:18.484,1.0,0.01,-0.0,0.0
2025-03-27 16:39:18.484,1.0,0.01,-0.0,0.0
2025-03-27 16:39:18.500,1.0,0.01,-0.0,0.0
2025-03-27 16:39:18.500,1.0,0.01,-0.0,0.0
2025-03-27 16:39:18.517,1.0,0.01,-0.01,0.0
2025-03-27 16:39:18.534,1.0,0.01,-0.01,0.0
2025-03-27 16:39:18.534,1.0,0.01,-0.01,0.0
2025-03-27 16:39:18.550,1.0,0.01,-0.01,0.0
2025-03-27 16:39:18.550,1.0,0.01,-0.01,0.0
2025-03-27 16:39:18.567,1.0,0.01,-0.01,0.0
2025-03-27 16:39:18.583,1.0,0.01,-0.01,0.0
2025-03-27 16:39:18.583,1.0,0.01,-0.01,0.0
2025-03-27 16:39:18.600,1.0,0.01,-0.01,0.0
2025-03-27 16:39:18.600,1.0,0.01,-0.01,0.0
2025-03-27 16:39:18.617,1.0,0.01,-0.01,0.0
2025-03-27 16:39:18.633,1.0,0.01,-0.01,0.0
2025-03-27 16:39:18.633,1.0,0.02,-0.01,0.0
2025-03-27 16:39:18.650,1.0,0.02,-0.01,0.0
2025-03-27 16:39:18.650,1.0,0.02,-0.01,0.0
2025-03-27 16:39:18.667,1.0,0.02,-0.01,0.0
2025-03-27 16:39:18.683,1.0,0.02,-0.01,0.0
2025-03-27 16:39:18.683,1.0,0.02,-0.01,0.0
2025-03-27 16:39:18.700,1.0,0.02,-0.01,0.0
2025-03-27 16:39:18.700,1.0,0.02,-0.01,0.0
2025-03-27 16:39:18.717,1.0,0.02,-0.01,0.0
2025-03-27 16:39:18.733,1.0,0.02,-0.01,0.0
2025-03-27 16:39:18.733,1.0,0.02,-0.01,0.0
2025-03-27 16:39:18.750,1.0,0.02,-0.01,0.0
2025-03-27 16:39:18.750,1.0,0.02,-0.01,0.0
2025-03-27 16:39:18.767,1.0,0.02,-0.01,0.0
2025-03-27 16:39:18.784,1.0,0.02,-0.01,0.0
2025-03-27 16:39:18.784,1.0,0.02,-0.01,0.0
2025-03-27 16:39:18.800,1.0,0.02,-0.01,0.0
2025-03-27 16:39:18.800,1.0,0.02,-0.01,0.01
2025-03-27 16:39:18.816,1.0,0.02,-0.01,0.01
2025-03-27 16:39:18.833,1.0,0.02,-0.01,0.01
2025-03-27 16:39:18.833,1.0,0.02,-0.01,0.01
2025-03-27 16:39:18.850,1.0,0.02,-0.01,0.01
2025-03-27 16:39:18.850,1.0,0.02,-0.01,0.01
2025-03-27 16:39:18.866,1.0,0.02,-0.01,0.01
2025-03-27 16:39:18.883,1.0,0.02,-0.01,0.01
2025-03-27 16:39:18.883,1.0,0.02,-0.01,0.01
2025-03-27 16:39:18.900,1.0,0.02,-0.01,0.01
2025-03-27 16:39:18.900,1.0,0.02,-0.01,0.01
2025-03-27 16:39:18.916,1.0,0.02,-0.01,0.01
2025-03-27 16:39:18.933,1.0,0.02,-0.01,0.01
2025-03-27 16:39:18.933,1.0,0.02,-0.01,0.01
2025-03-27 16:39:18.950,1.0,0.02,-0.01,0.01
2025-03-27 16:39:18.950,1.0,0.02,-0.01,0.01
2025-03-27 16:39:18.966,1.0,0.02,-0.01,0.01
2025-03-27 16:39:18.983,1.0,0.02,-0.01,0.01
2025-03-27 16:39:18.983,1.0,0.02,-0.01,0.01
2025-03-27 16:39:19.000,1.0,0.02,-0.01,0.01
2025-03-27 16:39:19.000,1.0,0.02,-0.01,0.01
2025-03-27 16:39:19.016,1.0,0.02,-0.01,0.01
2025-03-27 16:39:19.033,1.0,0.02,-0.01,0.01
2025-03-27 16:39:19.033,1.0,0.02,-0.01,0.01
2025-03-27 16:39:19.050,1.0,0.02,-0.01,0.01
2025-03-27 16:39:19.050,1.0,0.02,-0.01,0.01
2025-03-27 16:39:19.066,1.0,0.02,-0.01,0.01
2025-03-27 16:39:19.083,1.0,0.02,-0.01,0.01
2025-03-27 16:39:19.083,1.0,0.02,-0.01,0.01
2025-03-27 16:39:19.099,1.0,0.02,-0.01,0.01
2025-03-27 16:39:19.100,1.0,0.03,-0.01,0.01
2025-03-27 16:39:19.116,1.0,0.03,-0.01,0.01
2025-03-27 16:39:19.133,1.0,0.03,-0.01,0.01
2025-03-27 16:39:19.133,1.0,0.03,-0.01,0.01
2025-03-27 16:39:19.149,1.0,0.03,-0.01,0.01
2025-03-27 16:39:19.150,1.0,0.03,-0.01,0.01
2025-03-27 16:39:19.166,1.0,0.03,-0.01,0.01
2025-03-27 16:39:19.183,1.0,0.03,-0.01,0.01
2025-03-27 16:39:19.183,1.0,0.03,-0.01,0.01
2025-03-27 16:39:19.199,1.0,0.03,-0.02,0.01
2025-03-27 16:39:19.200,1.0,0.03,-0.02,0.01
2025-03-27 16:39:19.216,1.0,0.03,-0.02,0.01
2025-03-27 16:39:19.233,1.0,0.03,-0.02,0.01
2025-03-27 16:39:19.233,1.0,0.03,-0.02,0.01
2025-03-27 16:39:19.250,1.0,0.03,-0.02,0.01
2025-03-27 16:39:19.250,1.0,0.03,-0.02,0.02
2025-03-27 16:39:19.266,1.0,0.03,-0.02,0.02
2025-03-27 16:39:19.283,1.0,0.03,-0.02,0.03
2025-03-27 16:39:19.283,1.0,0.03,-0.02,0.03
2025-03-27 16:39:19.300,1.0,0.03,-0.02,0.03
2025-03-27 16:39:19.300,1.0,0.03,-0.02,0.03
2025-03-27 16:39:19.316,1.0,0.03,-0.02,0.03
2025-03-27 16:39:19.333,1.0,0.03,-0.02,0.03
2025-03-27 16:39:19.333,1.0,0.03,-0.02,0.03
2025-03-27 16:39:19.349,1.0,0.03,-0.03,0.03
2025-03-27 16:39:19.350,1.0,0.03,-0.03,0.03
2025-03-27 16:39:19.366,1.0,0.03,-0.03,0.03
2025-03-27 16:39:19.383,1.0,0.03,-0.03,0.02
2025-03-27 16:39:19.383,1.0,0.02,-0.04,0.02
2025-03-27 16:39:19.399,1.0,0.02,-0.04,0.02
2025-03-27 16:39:19.400,1.0,0.02,-0.05,0.02
2025-03-27 16:39:19.416,1.0,0.02,-0.06,0.02
2025-03-27 16:39:19.433,1.0,0.02,-0.07,0.02
2025-03-27 16:39:19.433,1.0,0.02,-0.08,0.02
2025-03-27 16:39:19.449,1.0,0.02,-0.09,0.02
2025-03-27 16:39:19.450,0.99,0.01,-0.1,0.02
2025-03-27 16:39:19.468,0.99,0.01,-0.1,0.02
2025-03-27 16:39:19.483,0.99,0.01,-0.11,0.02
2025-03-27 16:39:19.483,0.99,0.01,-0.12,0.02
2025-03-27 16:39:19.499,0.99,0.01,-0.13,0.02
2025-03-27 16:39:19.500,0.99,0.01,-0.15,0.02
2025-03-27 16:39:19.516,0.99,0.01,-0.16,0.02
2025-03-27 16:39:19.533,0.98,0.01,-0.17,0.01
2025-03-27 16:39:19.533,0.98,0.01,-0.18,0.01
2025-03-27 16:39:19.550,0.98,0.0,-0.2,0.01
2025-03-27 16:39:19.550,0.98,0.0,-0.21,0.01
2025-03-27 16:39:19.566,0.98,0.0,-0.22,0.01
2025-03-27 16:39:19.583,0.97,0.0,-0.22,0.01
2025-03-27 16:39:19.583,0.97,0.0,-0.23,0.01
2025-03-27 16:39:19.600,0.97,0.0,-0.24,0.01
2025-03-27 16:39:19.600,0.97,0.0,-0.25,0.01
2025-03-27 16:39:19.617,0.96,0.01,-0.26,0.01
2025-03-27 16:39:19.633,0.96,0.01,-0.28,0.01
2025-03-27 16:39:19.633,0.96,0.01,-0.29,0.01
2025-03-27 16:39:19.650,0.95,0.02,-0.3,0.01
2025-03-27 16:39:19.650,0.95,0.02,-0.3,0.01
2025-03-27 16:39:19.667,0.95,0.02,-0.31,0.01
2025-03-27 16:39:19.683,0.95,0.03,-0.31,0.01
2025-03-27 16:39:19.683,0.95,0.03,-0.31,0.01
2025-03-27 16:39:19.700,0.95,0.04,-0.31,0.01
2025-03-27 16:39:19.700,0.95,0.05,-0.31,0.01
2025-03-27 16:39:19.717,0.95,0.06,-0.31,0.01
2025-03-27 16:39:19.733,0.95,0.07,-0.31,0.01
2025-03-27 16:39:19.733,0.95,0.08,-0.3,0.01
2025-03-27 16:39:19.750,0.95,0.09,-0.3,0.01
2025-03-27 16:39:19.750,0.95,0.1,-0.29,0.01
2025-03-27 16:39:19.767,0.95,0.11,-0.28,0.01
2025-03-27 16:39:19.783,0.96,0.12,-0.27,0.01
2025-03-27 16:39:19.784,0.96,0.13,-0.26,0.01
2025-03-27 16:39:19.800,0.96,0.13,-0.24,0.0
2025-03-27 16:39:19.800,0.97,0.14,-0.22,0.0
2025-03-27 16:39:19.817,0.97,0.14,-0.2,-0.0
2025-03-27 16:39:19.833,0.97,0.15,-0.18,-0.01
2025-03-27 16:39:19.833,0.97,0.15,-0.17,-0.01
2025-03-27 16:39:19.850,0.97,0.15,-0.17,-0.01
2025-03-27 16:39:19.850,0.97,0.15,-0.17,-0.02
2025-03-27 16:39:19.867,0.97,0.16,-0.17,-0.02
2025-03-27 16:39:19.883,0.97,0.16,-0.17,-0.03
2025-03-27 16:39:19.883,0.97,0.16,-0.18,-0.03
2025-03-27 16:39:19.900,0.97,0.16,-0.18,-0.04
2025-03-27 16:39:19.900,0.97,0.17,-0.17,-0.04
2025-03-27 16:39:19.917,0.97,0.17,-0.16,-0.05
2025-03-27 16:39:19.933,0.97,0.17,-0.16,-0.05
2025-03-27 16:39:19.933,0.97,0.18,-0.15,-0.06
2025-03-27 16:39:19.950,0.97,0.18,-0.15,-0.06
2025-03-27 16:39:19.950,0.97,0.18,-0.14,-0.06
2025-03-27 16:39:19.967,0.97,0.18,-0.14,-0.06
2025-03-27 16:39:19.983,0.97,0.18,-0.14,-0.06
2025-03-27 16:39:19.983,0.97,0.18,-0.14,-0.06
2025-03-27 16:39:20.000,0.97,0.19,-0.14,-0.06
2025-03-27 16:39:20.000,0.97,0.19,-0.14,-0.05
2025-03-27 16:39:20.017,0.97,0.2,-0.14,-0.05
2025-03-27 16:39:20.033,0.97,0.2,-0.14,-0.05
2025-03-27 16:39:20.033,0.97,0.21,-0.14,-0.05
2025-03-27 16:39:20.050,0.97,0.21,-0.13,-0.05
2025-03-27 16:39:20.050,0.96,0.22,-0.13,-0.05
2025-03-27 16:39:20.067,0.96,0.23,-0.13,-0.06
2025-03-27 16:39:20.083,0.96,0.24,-0.12,-0.06
2025-03-27 16:39:20.083,0.96,0.24,-0.12,-0.06
2025-03-27 16:39:20.100,0.96,0.25,-0.11,-0.06
2025-03-27 16:39:20.100,0.96,0.25,-0.11,-0.06
2025-03-27 16:39:20.117,0.96,0.25,-0.11,-0.06
2025-03-27 16:39:20.134,0.96,0.26,-0.11,-0.06
2025-03-27 16:39:20.134,0.96,0.26,-0.1,-0.06
2025-03-27 16:39:20.150,0.96,0.27,-0.1,-0.06
2025-03-27 16:39:20.151,0.96,0.27,-0.1,-0.06
2025-03-27 16:39:20.167,0.95,0.28,-0.09,-0.06
2025-03-27 16:39:20.184,0.95,0.28,-0.09,-0.06
2025-03-27 16:39:20.184,0.95,0.29,-0.09,-0.05
2025-03-27 16:39:20.200,0.95,0.29,-0.09,-0.05
2025-03-27 16:39:20.201,0.95,0.29,-0.09,-0.05
2025-03-27 16:39:20.217,0.95,0.29,-0.09,-0.05
2025-03-27 16:39:20.234,0.95,0.3,-0.09,-0.05
2025-03-27 16:39:20.234,0.95,0.3,-0.1,-0.05
2025-03-27 16:39:20.250,0.95,0.3,-0.1,-0.04
2025-03-27 16:39:20.251,0.95,0.3,-0.1,-0.04
2025-03-27 16:39:20.267,0.95,0.3,-0.11,-0.04
2025-03-27 16:39:20.284,0.95,0.3,-0.11,-0.04
2025-03-27 16:39:20.284,0.95,0.3,-0.12,-0.04
2025-03-27 16:39:20.300,0.95,0.3,-0.12,-0.04
2025-03-27 16:39:20.301,0.95,0.29,-0.13,-0.04
2025-03-27 16:39:20.317,0.95,0.29,-0.13,-0.04
2025-03-27 16:39:20.334,0.95,0.29,-0.14,-0.04
2025-03-27 16:39:20.334,0.95,0.28,-0.14,-0.04
2025-03-27 16:39:20.350,0.95,0.28,-0.15,-0.04
2025-03-27 16:39:20.367,0.95,0.28,-0.15,-0.04
2025-03-27 16:39:20.367,0.95,0.27,-0.15,-0.04
2025-03-27 16:39:20.384,0.95,0.27,-0.16,-0.04
2025-03-27 16:39:20.384,0.95,0.27,-0.17,-0.04
2025-03-27 16:39:20.400,0.95,0.27,-0.17,-0.03
2025-03-27 16:39:20.401,0.95,0.27,-0.18,-0.03
2025-03-27 16:39:20.417,0.95,0.27,-0.19,-0.03
2025-03-27 16:39:20.434,0.94,0.26,-0.19,-0.03
2025-03-27 16:39:20.434,0.94,0.26,-0.2,-0.03
2025-03-27 16:39:20.450,0.94,0.26,-0.2,-0.03
2025-03-27 16:39:20.450,0.94,0.26,-0.21,-0.03
2025-03-27 16:39:20.467,0.94,0.26,-0.21,-0.03
2025-03-27 16:39:20.484,0.94,0.25,-0.21,-0.03
2025-03-27 16:39:20.484,0.94,0.25,-0.21,-0.03
2025-03-27 16:39:20.500,0.95,0.24,-0.21,-0.03
2025-03-27 16:39:20.501,0.95,0.24,-0.22,-0.03
2025-03-27 16:39:20.517,0.95,0.23,-0.22,-0.03
2025-03-27 16:39:20.534,0.95,0.23,-0.22,-0.02
2025-03-27 16:39:20.534,0.95,0.23,-0.22,-0.02
2025-03-27 16:39:20.550,0.95,0.22,-0.23,-0.02
2025-03-27 16:39:20.567,0.95,0.22,-0.23,-0.02
2025-03-27 16:39:20.567,0.95,0.21,-0.23,-0.02
2025-03-27 16:39:20.584,0.95,0.21,-0.23,-0.02
2025-03-27 16:39:20.584,0.95,0.21,-0.23,-0.02
2025-03-27 16:39:20.600,0.95,0.2,-0.23,-0.02
2025-03-27 16:39:20.600,0.95,0.2,-0.24,-0.02
2025-03-27 16:39:20.617,0.95,0.2,-0.24,-0.02
2025-03-27 16:39:20.633,0.95,0.2,-0.24,-0.02
2025-03-27 16:39:20.633,0.95,0.19,-0.24,-0.02
2025-03-27 16:39:20.649,0.95,0.19,-0.24,-0.02
2025-03-27 16:39:20.650,0.95,0.19,-0.24,-0.02
2025-03-27 16:39:20.666,0.95,0.18,-0.25,-0.02
2025-03-27 16:39:20.683,0.95,0.18,-0.25,-0.02
2025-03-27 16:39:20.683,0.95,0.18,-0.25,-0.02
2025-03-27 16:39:20.699,0.95,0.17,-0.25,-0.02
2025-03-27 16:39:20.700,0.95,0.17,-0.25,-0.02
2025-03-27 16:39:20.716,0.95,0.16,-0.25,-0.02
2025-03-27 16:39:20.733,0.95,0.16,-0.25,-0.02
2025-03-27 16:39:20.733,0.96,0.16,-0.25,-0.02
2025-03-27 16:39:20.750,0.96,0.15,-0.25,-0.02
2025-03-27 16:39:20.750,0.96,0.15,-0.25,-0.02
2025-03-27 16:39:20.766,0.96,0.14,-0.25,-0.02
2025-03-27 16:39:20.783,0.96,0.14,-0.25,-0.02
2025-03-27 16:39:20.783,0.96,0.14,-0.25,-0.02
2025-03-27 16:39:20.800,0.96,0.14,-0.25,-0.02
2025-03-27 16:39:20.816,0.96,0.13,-0.25,-0.02
2025-03-27 16:39:20.816,0.96,0.13,-0.25,-0.02
2025-03-27 16:39:20.833,0.96,0.13,-0.25,-0.02
2025-03-27 16:39:20.833,0.96,0.13,-0.25,-0.02
2025-03-27 16:39:20.849,0.96,0.13,-0.25,-0.02
2025-03-27 16:39:20.866,0.96,0.13,-0.24,-0.02
2025-03-27 16:39:20.866,0.96,0.12,-0.24,-0.02
2025-03-27 16:39:20.883,0.96,0.12,-0.24,-0.02
2025-03-27 16:39:20.883,0.96,0.12,-0.24,-0.02
2025-03-27 16:39:20.899,0.96,0.12,-0.24,-0.02
2025-03-27 16:39:20.916,0.96,0.12,-0.23,-0.02
2025-03-27 16:39:20.916,0.96,0.12,-0.23,-0.02
2025-03-27 16:39:20.933,0.97,0.12,-0.23,-0.02
2025-03-27 16:39:20.933,0.97,0.12,-0.23,-0.02
2025-03-27 16:39:20.949,0.97,0.12,-0.23,-0.02
2025-03-27 16:39:20.966,0.97,0.12,-0.23,-0.02
2025-03-27 16:39:20.966,0.97,0.12,-0.23,-0.02
2025-03-27 16:39:20.983,0.97,0.12,-0.22,-0.02
2025-03-27 16:39:20.983,0.97,0.12,-0.22,-0.02
2025-03-27 16:39:20.999,0.97,0.12,-0.22,-0.02
2025-03-27 16:39:21.016,0.97,0.12,-0.22,-0.02
2025-03-27 16:39:21.016,0.97,0.12,-0.22,-0.02
2025-03-27 16:39:21.033,0.97,0.12,-0.21,-0.02
2025-03-27 16:39:21.033,0.97,0.12,-0.21,-0.02
2025-03-27 16:39:21.049,0.97,0.12,-0.21,-0.02
2025-03-27 16:39:21.066,0.97,0.11,-0.21,-0.02
2025-03-27 16:39:21.066,0.97,0.11,-0.21,-0.02
2025-03-27 16:39:21.083,0.97,0.11,-0.2,-0.02
2025-03-27 16:39:21.083,0.97,0.11,-0.2,-0.02
2025-03-27 16:39:21.099,0.97,0.11,-0.2,-0.02
2025-03-27 16:39:21.116,0.97,0.11,-0.2,-0.02
2025-03-27 16:39:21.116,0.97,0.11,-0.2,-0.02
2025-03-27 16:39:21.133,0.97,0.11,-0.2,-0.02
2025-03-27 16:39:21.134,0.97,0.11,-0.2,-0.02
2025-03-27 16:39:21.151,0.97,0.11,-0.2,-0.02
2025-03-27 16:39:21.151,0.97,0.11,-0.2,-0.02
2025-03-27 16:39:21.167,0.97,0.11,-0.2,-0.02
2025-03-27 16:39:21.183,0.97,0.11,-0.19,-0.02
2025-03-27 16:39:21.184,0.98,0.11,-0.19,-0.02
2025-03-27 16:39:21.200,0.98,0.11,-0.19,-0.02
2025-03-27 16:39:21.217,0.98,0.11,-0.19,-0.02
2025-03-27 16:39:21.217,0.98,0.11,-0.19,-0.02
2025-03-27 16:39:21.233,0.98,0.11,-0.19,-0.02
2025-03-27 16:39:21.234,0.98,0.11,-0.18,-0.02
2025-03-27 16:39:21.250,0.98,0.11,-0.18,-0.02
2025-03-27 16:39:21.267,0.98,0.11,-0.18,-0.02
2025-03-27 16:39:21.267,0.98,0.11,-0.18,-0.02
2025-03-27 16:39:21.283,0.98,0.11,-0.18,-0.02
2025-03-27 16:39:21.284,0.98,0.11,-0.18,-0.02
2025-03-27 16:39:21.300,0.98,0.11,-0.17,-0.02
2025-03-27 16:39:21.317,0.98,0.11,-0.17,-0.02
2025-03-27 16:39:21.317,0.98,0.11,-0.17,-0.02
2025-03-27 16:39:21.333,0.98,0.11,-0.17,-0.02
2025-03-27 16:39:21.334,0.98,0.11,-0.17,-0.02
2025-03-27 16:39:21.350,0.98,0.11,-0.17,-0.02
2025-03-27 16:39:21.367,0.98,0.11,-0.17,-0.02
2025-03-27 16:39:21.367,0.98,0.11,-0.17,-0.02
2025-03-27 16:39:21.383,0.98,0.11,-0.17,-0.02
2025-03-27 16:39:21.384,0.98,0.11,-0.16,-0.02
2025-03-27 16:39:21.400,0.98,0.11,-0.16,-0.02
2025-03-27 16:39:21.417,0.98,0.11,-0.16,-0.02
2025-03-27 16:39:21.417,0.98,0.11,-0.16,-0.02
2025-03-27 16:39:21.433,0.98,0.1,-0.16,-0.02
2025-03-27 16:39:21.434,0.98,0.1,-0.16,-0.02
2025-03-27 16:39:21.450,0.98,0.1,-0.16,-0.02
2025-03-27 16:39:21.467,0.98,0.1,-0.16,-0.02
2025-03-27 16:39:21.467,0.98,0.1,-0.16,-0.02
2025-03-27 16:39:21.483,0.98,0.1,-0.16,-0.02
2025-03-27 16:39:21.484,0.98,0.1,-0.16,-0.02
2025-03-27 16:39:21.500,0.98,0.1,-0.16,-0.02
2025-03-27 16:39:21.517,0.98,0.1,-0.16,-0.02
2025-03-27 16:39:21.517,0.98,0.1,-0.16,-0.02
2025-03-27 16:39:21.533,0.98,0.1,-0.16,-0.02
2025-03-27 16:39:21.534,0.98,0.1,-0.15,-0.02
2025-03-27 16:39:21.550,0.98,0.1,-0.15,-0.02
2025-03-27 16:39:21.567,0.98,0.1,-0.15,-0.02
2025-03-27 16:39:21.567,0.98,0.1,-0.15,-0.02
2025-03-27 16:39:21.583,0.98,0.1,-0.15,-0.02
2025-03-27 16:39:21.584,0.98,0.1,-0.15,-0.02
2025-03-27 16:39:21.600,0.98,0.1,-0.15,-0.02
2025-03-27 16:39:21.617,0.98,0.1,-0.15,-0.02
2025-03-27 16:39:21.617,0.98,0.1,-0.14,-0.02
2025-03-27 16:39:21.634,0.98,0.1,-0.14,-0.02
2025-03-27 16:39:21.634,0.98,0.1,-0.14,-0.02
2025-03-27 16:39:21.650,0.98,0.1,-0.14,-0.02
2025-03-27 16:39:21.667,0.99,0.1,-0.14,-0.02
2025-03-27 16:39:21.667,0.99,0.1,-0.13,-0.02
2025-03-27 16:39:21.684,0.99,0.1,-0.13,-0.02
2025-03-27 16:39:21.684,0.99,0.1,-0.13,-0.02
2025-03-27 16:39:21.700,0.99,0.1,-0.13,-0.02
2025-03-27 16:39:21.716,0.99,0.1,-0.13,-0.02
2025-03-27 16:39:21.717,0.99,0.1,-0.13,-0.02
2025-03-27 16:39:21.733,0.99,0.1,-0.13,-0.02
2025-03-27 16:39:21.733,0.99,0.1,-0.12,-0.02
2025-03-27 16:39:21.750,0.99,0.1,-0.12,-0.02
2025-03-27 16:39:21.766,0.99,0.1,-0.12,-0.02
2025-03-27 16:39:21.767,0.99,0.1,-0.12,-0.02
2025-03-27 16:39:21.783,0.99,0.1,-0.12,-0.02
2025-03-27 16:39:21.783,0.99,0.11,-0.11,-0.02
2025-03-27 16:39:21.800,0.99,0.11,-0.11,-0.02
2025-03-27 16:39:21.816,0.99,0.11,-0.11,-0.02
2025-03-27 16:39:21.817,0.99,0.11,-0.11,-0.02
2025-03-27 16:39:21.833,0.99,0.11,-0.11,-0.02
2025-03-27 16:39:21.833,0.99,0.11,-0.1,-0.02
2025-03-27 16:39:21.850,0.99,0.11,-0.1,-0.02
2025-03-27 16:39:21.866,0.99,0.11,-0.1,-0.02
2025-03-27 16:39:21.867,0.99,0.11,-0.1,-0.02
2025-03-27 16:39:21.883,0.99,0.11,-0.09,-0.02
2025-03-27 16:39:21.883,0.99,0.11,-0.09,-0.02
2025-03-27 16:39:21.900,0.99,0.11,-0.09,-0.02
2025-03-27 16:39:21.916,0.99,0.11,-0.09,-0.02
2025-03-27 16:39:21.917,0.99,0.11,-0.08,-0.02
2025-03-27 16:39:21.933,0.99,0.11,-0.08,-0.02
2025-03-27 16:39:21.933,0.99,0.11,-0.07,-0.03
2025-03-27 16:39:21.950,0.99,0.11,-0.07,-0.03
2025-03-27 16:39:21.966,0.99,0.11,-0.06,-0.03
2025-03-27 16:39:21.967,0.99,0.11,-0.06,-0.03
2025-03-27 16:39:21.983,0.99,0.11,-0.06,-0.03
2025-03-27 16:39:21.983,0.99,0.11,-0.05,-0.03
2025-03-27 16:39:22.000,0.99,0.11,-0.05,-0.03
2025-03-27 16:39:22.016,0.99,0.11,-0.05,-0.03
2025-03-27 16:39:22.017,0.99,0.11,-0.04,-0.03
2025-03-27 16:39:22.033,0.99,0.11,-0.04,-0.03
2025-03-27 16:39:22.033,0.99,0.11,-0.04,-0.03
2025-03-27 16:39:22.050,0.99,0.11,-0.04,-0.03
2025-03-27 16:39:22.066,0.99,0.11,-0.04,-0.03
2025-03-27 16:39:22.067,0.99,0.11,-0.04,-0.03
2025-03-27 16:39:22.083,0.99,0.11,-0.04,-0.03
2025-03-27 16:39:22.083,0.99,0.11,-0.03,-0.03
2025-03-27 16:39:22.100,0.99,0.11,-0.03,-0.03
2025-03-27 16:39:22.116,0.99,0.11,-0.03,-0.03
2025-03-27 16:39:22.117,0.99,0.11,-0.03,-0.03
2025-03-27 16:39:22.133,0.99,0.11,-0.03,-0.03
2025-03-27 16:39:22.133,0.99,0.11,-0.02,-0.03
2025-03-27 16:39:22.150,0.99,0.11,-0.02,-0.03
2025-03-27 16:39:22.167,0.99,0.11,-0.02,-0.03
2025-03-27 16:39:22.167,0.99,0.11,-0.02,-0.03
2025-03-27 16:39:22.184,0.99,0.11,-0.02,-0.03
2025-03-27 16:39:22.184,0.99,0.11,-0.02,-0.03
2025-03-27 16:39:22.200,0.99,0.11,-0.01,-0.03
2025-03-27 16:39:22.217,0.99,0.11,-0.01,-0.03
2025-03-27 16:39:22.217,0.99,0.11,-0.01,-0.03
2025-03-27 16:39:22.234,0.99,0.11,-0.01,-0.03
2025-03-27 16:39:22.234,0.99,0.11,-0.01,-0.03
2025-03-27 16:39:22.250,0.99,0.11,-0.01,-0.03
2025-03-27 16:39:22.267,0.99,0.11,-0.01,-0.03
2025-03-27 16:39:22.267,0.99,0.11,-0.01,-0.03
2025-03-27 16:39:22.283,0.99,0.11,-0.01,-0.03
2025-03-27 16:39:22.284,0.99,0.11,-0.01,-0.03
2025-03-27 16:39:22.300,0.99,0.11,-0.01,-0.03
2025-03-27 16:39:22.317,0.99,0.11,-0.01,-0.03
2025-03-27 16:39:22.317,0.99,0.11,-0.01,-0.03
2025-03-27 16:39:22.333,0.99,0.11,-0.01,-0.03
2025-03-27 16:39:22.334,0.99,0.11,-0.01,-0.03
2025-03-27 16:39:22.350,0.99,0.11,-0.01,-0.03
2025-03-27 16:39:22.367,0.99,0.11,-0.02,-0.03
2025-03-27 16:39:22.367,0.99,0.11,-0.02,-0.03
2025-03-27 16:39:22.384,0.99,0.11,-0.02,-0.03
2025-03-27 16:39:22.384,0.99,0.11,-0.02,-0.03
2025-03-27 16:39:22.400,0.99,0.11,-0.02,-0.03
2025-03-27 16:39:22.417,0.99,0.11,-0.02,-0.03
2025-03-27 16:39:22.417,0.99,0.11,-0.02,-0.03
2025-03-27 16:39:22.433,0.99,0.11,-0.02,-0.03
2025-03-27 16:39:22.434,0.99,0.11,-0.02,-0.03
2025-03-27 16:39:22.450,0.99,0.12,-0.02,-0.03
2025-03-27 16:39:22.467,0.99,0.13,-0.02,-0.02
2025-03-27 16:39:22.467,0.99,0.14,-0.02,-0.02
2025-03-27 16:39:22.483,0.99,0.16,-0.02,-0.02
2025-03-27 16:39:22.484,0.98,0.17,-0.02,-0.01
2025-03-27 16:39:22.500,0.98,0.19,-0.02,-0.01
2025-03-27 16:39:22.517,0.98,0.2,-0.02,-0.01
2025-03-27 16:39:22.517,0.98,0.21,-0.01,-0.01
2025-03-27 16:39:22.533,0.97,0.22,-0.01,-0.01
2025-03-27 16:39:22.534,0.97,0.23,-0.01,-0.01
2025-03-27 16:39:22.550,0.97,0.24,-0.0,-0.01
2025-03-27 16:39:22.567,0.97,0.25,-0.0,-0.01
2025-03-27 16:39:22.567,0.97,0.26,0.0,-0.01
2025-03-27 16:39:22.583,0.96,0.27,0.0,-0.01
2025-03-27 16:39:22.584,0.96,0.28,0.0,-0.01
2025-03-27 16:39:22.600,0.96,0.29,0.01,-0.02
2025-03-27 16:39:22.617,0.95,0.3,0.01,-0.02
2025-03-27 16:39:22.617,0.95,0.31,0.01,-0.02
2025-03-27 16:39:22.633,0.95,0.32,0.01,-0.02
2025-03-27 16:39:22.633,0.94,0.33,0.01,-0.02
2025-03-27 16:39:22.650,0.94,0.34,0.01,-0.02
2025-03-27 16:39:22.666,0.94,0.35,0.01,-0.02
2025-03-27 16:39:22.666,0.93,0.35,0.01,-0.02
2025-03-27 16:39:22.683,0.93,0.36,0.01,-0.02
2025-03-27 16:39:22.683,0.93,0.37,0.01,-0.02
2025-03-27 16:39:22.699,0.93,0.38,0.01,-0.02
2025-03-27 16:39:22.716,0.92,0.38,0.01,-0.02
2025-03-27 16:39:22.716,0.92,0.39,0.01,-0.02
2025-03-27 16:39:22.733,0.92,0.39,0.01,-0.02
2025-03-27 16:39:22.733,0.92,0.4,0.0,-0.02
2025-03-27 16:39:22.749,0.92,0.4,0.0,-0.02
2025-03-27 16:39:22.766,0.91,0.4,0.0,-0.02
2025-03-27 16:39:22.766,0.91,0.41,0.0,-0.02
2025-03-27 16:39:22.783,0.91,0.41,0.0,-0.02
2025-03-27 16:39:22.783,0.91,0.42,-0.0,-0.02
2025-03-27 16:39:22.799,0.91,0.42,-0.0,-0.02
2025-03-27 16:39:22.816,0.9,0.43,-0.0,-0.02
2025-03-27 16:39:22.816,0.9,0.43,-0.0,-0.02
2025-03-27 16:39:22.833,0.9,0.44,-0.01,-0.02
2025-03-27 16:39:22.833,0.9,0.44,-0.01,-0.02
2025-03-27 16:39:22.849,0.89,0.45,-0.01,-0.02
2025-03-27 16:39:22.866,0.89,0.46,-0.01,-0.02
2025-03-27 16:39:22.866,0.89,0.46,-0.01,-0.02
2025-03-27 16:39:22.883,0.88,0.47,-0.01,-0.02
2025-03-27 16:39:22.883,0.88,0.47,-0.01,-0.02
2025-03-27 16:39:22.899,0.88,0.48,-0.01,-0.01
2025-03-27 16:39:22.916,0.87,0.48,-0.01,-0.01
2025-03-27 16:39:22.916,0.87,0.49,-0.01,-0.01
2025-03-27 16:39:22.933,0.87,0.5,-0.01,-0.01
2025-03-27 16:39:22.933,0.87,0.5,-0.01,-0.01
2025-03-27 16:39:22.949,0.86,0.51,-0.01,-0.01
2025-03-27 16:39:22.966,0.86,0.51,-0.01,-0.01
2025-03-27 16:39:22.966,0.86,0.52,-0.01,-0.01
2025-03-27 16:39:22.983,0.85,0.52,-0.01,-0.01
2025-03-27 16:39:22.983,0.85,0.52,-0.01,-0.01
2025-03-27 16:39:22.999,0.85,0.53,-0.01,-0.01
2025-03-27 16:39:23.016,0.84,0.53,-0.01,-0.01
2025-03-27 16:39:23.016,0.84,0.54,-0.01,-0.01
2025-03-27 16:39:23.033,0.84,0.54,-0.01,-0.01
2025-03-27 16:39:23.033,0.84,0.55,-0.01,-0.01
2025-03-27 16:39:23.049,0.83,0.55,-0.01,-0.01
2025-03-27 16:39:23.066,0.83,0.56,-0.01,-0.01
2025-03-27 16:39:23.066,0.83,0.56,-0.01,-0.01
2025-03-27 16:39:23.083,0.82,0.57,-0.01,-0.01
2025-03-27 16:39:23.083,0.82,0.57,-0.01,-0.01
2025-03-27 16:39:23.099,0.82,0.57,-0.01,-0.01
2025-03-27 16:39:23.116,0.82,0.57,-0.01,-0.0
2025-03-27 16:39:23.116,0.82,0.58,-0.01,-0.0
2025-03-27 16:39:23.133,0.81,0.58,-0.01,-0.0
2025-03-27 16:39:23.133,0.81,0.58,-0.01,-0.0
2025-03-27 16:39:23.149,0.81,0.58,-0.01,-0.0
2025-03-27 16:39:23.166,0.81,0.58,-0.01,-0.0
2025-03-27 16:39:23.166,0.81,0.59,-0.01,-0.01
2025-03-27 16:39:23.183,0.81,0.59,-0.01,-0.01
2025-03-27 16:39:23.183,0.81,0.59,-0.01,-0.01
2025-03-27 16:39:23.200,0.81,0.59,-0.01,-0.01
2025-03-27 16:39:23.217,0.81,0.59,-0.01,-0.01
2025-03-27 16:39:23.217,0.81,0.59,-0.01,-0.01
2025-03-27 16:39:23.233,0.81,0.59,-0.01,-0.01
2025-03-27 16:39:23.233,0.81,0.59,-0.01,-0.01
2025-03-27 16:39:23.250,0.81,0.59,-0.01,-0.01
2025-03-27 16:39:23.267,0.81,0.59,-0.01,-0.01
2025-03-27 16:39:23.267,0.81,0.59,-0.01,-0.01
2025-03-27 16:39:23.283,0.81,0.59,-0.01,-0.01
2025-03-27 16:39:23.283,0.81,0.58,-0.01,-0.01
2025-03-27 16:39:23.300,0.81,0.58,-0.01,-0.01
2025-03-27 16:39:23.317,0.81,0.58,-0.01,-0.01
2025-03-27 16:39:23.317,0.82,0.58,-0.01,-0.01
2025-03-27 16:39:23.333,0.82,0.57,-0.01,-0.01
2025-03-27 16:39:23.333,0.82,0.57,-0.01,-0.01
2025-03-27 16:39:23.350,0.83,0.56,-0.01,-0.02
2025-03-27 16:39:23.367,0.83,0.56,-0.01,-0.02
2025-03-27 16:39:23.367,0.83,0.55,-0.01,-0.02
2025-03-27 16:39:23.383,0.84,0.54,-0.01,-0.02
2025-03-27 16:39:23.383,0.84,0.54,-0.01,-0.02
2025-03-27 16:39:23.400,0.85,0.53,-0.01,-0.02
2025-03-27 16:39:23.417,0.85,0.53,-0.01,-0.02
2025-03-27 16:39:23.417,0.85,0.52,-0.01,-0.02
2025-03-27 16:39:23.433,0.85,0.52,-0.01,-0.02
2025-03-27 16:39:23.433,0.86,0.51,-0.01,-0.02
2025-03-27 16:39:23.450,0.86,0.51,-0.01,-0.03
2025-03-27 16:39:23.467,0.86,0.5,-0.01,-0.03
2025-03-27 16:39:23.467,0.87,0.5,-0.01,-0.03
2025-03-27 16:39:23.483,0.87,0.49,-0.01,-0.03
2025-03-27 16:39:23.483,0.87,0.49,-0.01,-0.03
2025-03-27 16:39:23.500,0.87,0.49,-0.01,-0.03
2025-03-27 16:39:23.517,0.88,0.48,-0.01,-0.03
2025-03-27 16:39:23.517,0.88,0.48,-0.01,-0.03
2025-03-27 16:39:23.533,0.88,0.48,-0.02,-0.03
2025-03-27 16:39:23.533,0.88,0.47,-0.02,-0.04
2025-03-27 16:39:23.550,0.88,0.47,-0.02,-0.04
2025-03-27 16:39:23.567,0.88,0.47,-0.02,-0.04
2025-03-27 16:39:23.567,0.88,0.47,-0.02,-0.04
2025-03-27 16:39:23.583,0.89,0.46,-0.02,-0.04
2025-03-27 16:39:23.583,0.89,0.46,-0.03,-0.04
2025-03-27 16:39:23.600,0.89,0.45,-0.03,-0.04
2025-03-27 16:39:23.617,0.89,0.45,-0.03,-0.04
2025-03-27 16:39:23.617,0.9,0.44,-0.03,-0.04
2025-03-27 16:39:23.633,0.9,0.44,-0.03,-0.04
2025-03-27 16:39:23.633,0.9,0.43,-0.03,-0.04
2025-03-27 16:39:23.650,0.9,0.42,-0.03,-0.04
2025-03-27 16:39:23.667,0.91,0.42,-0.03,-0.04
2025-03-27 16:39:23.667,0.91,0.41,-0.03,-0.04
2025-03-27 16:39:23.683,0.91,0.4,-0.04,-0.04
2025-03-27 16:39:23.683,0.92,0.4,-0.04,-0.04
2025-03-27 16:39:23.700,0.92,0.39,-0.04,-0.04
2025-03-27 16:39:23.717,0.92,0.38,-0.04,-0.04
2025-03-27 16:39:23.717,0.92,0.38,-0.05,-0.04
2025-03-27 16:39:23.734,0.93,0.37,-0.05,-0.04
2025-03-27 16:39:23.734,0.93,0.36,-0.05,-0.04
2025-03-27 16:39:23.750,0.93,0.35,-0.05,-0.04
2025-03-27 16:39:23.767,0.94,0.34,-0.06,-0.04
2025-03-27 16:39:23.767,0.94,0.33,-0.06,-0.04
2025-03-27 16:39:23.784,0.94,0.32,-0.06,-0.04
2025-03-27 16:39:23.784,0.95,0.31,-0.07,-0.04
2025-03-27 16:39:23.800,0.95,0.3,-0.07,-0.04
2025-03-27 16:39:23.817,0.95,0.29,-0.07,-0.04
2025-03-27 16:39:23.817,0.96,0.28,-0.08,-0.04
2025-03-27 16:39:23.834,0.96,0.27,-0.08,-0.04
2025-03-27 16:39:23.834,0.96,0.26,-0.08,-0.04
2025-03-27 16:39:23.850,0.96,0.25,-0.08,-0.04
2025-03-27 16:39:23.867,0.97,0.24,-0.08,-0.04
2025-03-27 16:39:23.867,0.97,0.23,-0.08,-0.05
2025-03-27 16:39:23.884,0.97,0.23,-0.08,-0.05
2025-03-27 16:39:23.884,0.97,0.22,-0.08,-0.05
2025-03-27 16:39:23.900,0.97,0.21,-0.08,-0.05
2025-03-27 16:39:23.917,0.97,0.2,-0.08,-0.05
2025-03-27 16:39:23.917,0.98,0.19,-0.08,-0.05
2025-03-27 16:39:23.934,0.98,0.19,-0.08,-0.05
2025-03-27 16:39:23.934,0.98,0.18,-0.09,-0.05
2025-03-27 16:39:23.950,0.98,0.17,-0.09,-0.05
2025-03-27 16:39:23.967,0.98,0.17,-0.09,-0.05
2025-03-27 16:39:23.967,0.98,0.16,-0.09,-0.05
2025-03-27 16:39:23.984,0.98,0.16,-0.09,-0.05
2025-03-27 16:39:23.984,0.98,0.15,-0.09,-0.06
2025-03-27 16:39:24.000,0.98,0.14,-0.09,-0.06
2025-03-27 16:39:24.017,0.98,0.14,-0.09,-0.06
2025-03-27 16:39:24.017,0.99,0.13,-0.09,-0.06
2025-03-27 16:39:24.034,0.99,0.12,-0.09,-0.06
2025-03-27 16:39:24.034,0.99,0.12,-0.09,-0.06
2025-03-27 16:39:24.050,0.99,0.11,-0.09,-0.06
2025-03-27 16:39:24.067,0.99,0.1,-0.09,-0.06
2025-03-27 16:39:24.067,0.99,0.1,-0.09,-0.06
2025-03-27 16:39:24.084,0.99,0.09,-0.09,-0.06
2025-03-27 16:39:24.084,0.99,0.08,-0.09,-0.07
2025-03-27 16:39:24.100,0.99,0.07,-0.08,-0.07
2025-03-27 16:39:24.117,0.99,0.06,-0.08,-0.07
2025-03-27 16:39:24.117,0.99,0.06,-0.08,-0.07
2025-03-27 16:39:24.134,0.99,0.05,-0.08,-0.07
2025-03-27 16:39:24.134,0.99,0.04,-0.08,-0.07
2025-03-27 16:39:24.150,0.99,0.03,-0.08,-0.07
2025-03-27 16:39:24.167,0.99,0.02,-0.08,-0.07
2025-03-27 16:39:24.167,0.99,0.01,-0.08,-0.07
2025-03-27 16:39:24.184,0.99,0.0,-0.08,-0.07
2025-03-27 16:39:24.184,0.99,-0.01,-0.07,-0.07
2025-03-27 16:39:24.200,0.99,-0.02,-0.07,-0.07
2025-03-27 16:39:24.216,0.99,-0.04,-0.07,-0.07
2025-03-27 16:39:24.217,0.99,-0.05,-0.06,-0.07
2025-03-27 16:39:24.233,0.99,-0.07,-0.06,-0.07
2025-03-27 16:39:24.250,0.99,-0.08,-0.06,-0.07
2025-03-27 16:39:24.250,0.99,-0.09,-0.05,-0.07
2025-03-27 16:39:24.266,0.99,-0.11,-0.05,-0.07
2025-03-27 16:39:24.267,0.99,-0.12,-0.05,-0.07
2025-03-27 16:39:24.283,0.99,-0.13,-0.05,-0.07
2025-03-27 16:39:24.283,0.99,-0.14,-0.05,-0.07
2025-03-27 16:39:24.300,0.98,-0.16,-0.05,-0.07
2025-03-27 16:39:24.316,0.98,-0.17,-0.05,-0.07
2025-03-27 16:39:24.317,0.98,-0.18,-0.05,-0.07
2025-03-27 16:39:24.333,0.98,-0.19,-0.04,-0.07
2025-03-27 16:39:24.350,0.98,-0.21,-0.04,-0.07
2025-03-27 16:39:24.350,0.97,-0.22,-0.04,-0.07
2025-03-27 16:39:24.366,0.97,-0.23,-0.04,-0.07
2025-03-27 16:39:24.367,0.97,-0.24,-0.04,-0.07
2025-03-27 16:39:24.383,0.96,-0.25,-0.04,-0.07
2025-03-27 16:39:24.400,0.96,-0.27,-0.04,-0.07
2025-03-27 16:39:24.400,0.96,-0.28,-0.04,-0.07
2025-03-27 16:39:24.416,0.95,-0.29,-0.04,-0.07
2025-03-27 16:39:24.417,0.95,-0.3,-0.04,-0.07
2025-03-27 16:39:24.433,0.95,-0.31,-0.04,-0.07
2025-03-27 16:39:24.450,0.95,-0.32,-0.04,-0.06
2025-03-27 16:39:24.450,0.94,-0.32,-0.04,-0.06
2025-03-27 16:39:24.466,0.94,-0.33,-0.04,-0.06
2025-03-27 16:39:24.467,0.94,-0.34,-0.05,-0.06
2025-03-27 16:39:24.483,0.93,-0.35,-0.05,-0.06
2025-03-27 16:39:24.500,0.93,-0.36,-0.05,-0.06
2025-03-27 16:39:24.500,0.93,-0.36,-0.05,-0.06
2025-03-27 16:39:24.516,0.93,-0.37,-0.05,-0.06
2025-03-27 16:39:24.517,0.92,-0.38,-0.05,-0.06
2025-03-27 16:39:24.533,0.92,-0.39,-0.05,-0.06
2025-03-27 16:39:24.550,0.92,-0.39,-0.05,-0.06
2025-03-27 16:39:24.550,0.91,-0.4,-0.04,-0.06
2025-03-27 16:39:24.566,0.91,-0.41,-0.04,-0.06
2025-03-27 16:39:24.567,0.91,-0.42,-0.04,-0.06
2025-03-27 16:39:24.583,0.9,-0.42,-0.04,-0.06
2025-03-27 16:39:24.583,0.9,-0.43,-0.04,-0.06
2025-03-27 16:39:24.600,0.9,-0.44,-0.04,-0.06
2025-03-27 16:39:24.616,0.89,-0.45,-0.04,-0.06
2025-03-27 16:39:24.617,0.89,-0.45,-0.04,-0.06
2025-03-27 16:39:24.633,0.88,-0.46,-0.04,-0.06
2025-03-27 16:39:24.650,0.88,-0.47,-0.04,-0.06
2025-03-27 16:39:24.650,0.87,-0.48,-0.05,-0.07
2025-03-27 16:39:24.666,0.87,-0.49,-0.05,-0.07
2025-03-27 16:39:24.667,0.86,-0.5,-0.05,-0.07
2025-03-27 16:39:24.683,0.86,-0.5,-0.05,-0.07
2025-03-27 16:39:24.700,0.85,-0.51,-0.05,-0.07
2025-03-27 16:39:24.700,0.85,-0.52,-0.05,-0.07
2025-03-27 16:39:24.717,0.84,-0.53,-0.05,-0.07
2025-03-27 16:39:24.717,0.84,-0.54,-0.05,-0.07
2025-03-27 16:39:24.733,0.83,-0.54,-0.05,-0.08
2025-03-27 16:39:24.750,0.83,-0.55,-0.05,-0.08
2025-03-27 16:39:24.750,0.82,-0.56,-0.05,-0.08
2025-03-27 16:39:24.767,0.82,-0.57,-0.06,-0.08
2025-03-27 16:39:24.767,0.81,-0.58,-0.06,-0.08
2025-03-27 16:39:24.783,0.81,-0.58,-0.06,-0.09
2025-03-27 16:39:24.800,0.8,-0.59,-0.06,-0.09
2025-03-27 16:39:24.800,0.8,-0.6,-0.06,-0.09
2025-03-27 16:39:24.817,0.79,-0.6,-0.06,-0.09
2025-03-27 16:39:24.817,0.79,-0.61,-0.06,-0.1
2025-03-27 16:39:24.833,0.78,-0.61,-0.06,-0.1
2025-03-27 16:39:24.850,0.78,-0.61,-0.07,-0.1
2025-03-27 16:39:24.850,0.78,-0.62,-0.07,-0.1
2025-03-27 16:39:24.867,0.77,-0.62,-0.07,-0.1
2025-03-27 16:39:24.867,0.77,-0.63,-0.07,-0.1
2025-03-27 16:39:24.883,0.77,-0.63,-0.07,-0.1
2025-03-27 16:39:24.900,0.76,-0.63,-0.07,-0.11
2025-03-27 16:39:24.900,0.76,-0.64,-0.07,-0.11
2025-03-27 16:39:24.917,0.76,-0.64,-0.07,-0.11
2025-03-27 16:39:24.917,0.76,-0.64,-0.07,-0.11
2025-03-27 16:39:24.933,0.76,-0.64,-0.07,-0.11
2025-03-27 16:39:24.950,0.76,-0.64,-0.07,-0.11
2025-03-27 16:39:24.950,0.76,-0.64,-0.07,-0.11
2025-03-27 16:39:24.967,0.76,-0.64,-0.07,-0.11
2025-03-27 16:39:24.967,0.76,-0.64,-0.07,-0.11
2025-03-27 16:39:24.983,0.76,-0.64,-0.07,-0.11
2025-03-27 16:39:25.000,0.76,-0.64,-0.07,-0.11
2025-03-27 16:39:25.000,0.76,-0.64,-0.07,-0.11
2025-03-27 16:39:25.017,0.76,-0.64,-0.07,-0.11
2025-03-27 16:39:25.017,0.76,-0.63,-0.07,-0.11
2025-03-27 16:39:25.033,0.76,-0.63,-0.08,-0.11
2025-03-27 16:39:25.050,0.77,-0.63,-0.08,-0.11
2025-03-27 16:39:25.050,0.77,-0.63,-0.08,-0.11
2025-03-27 16:39:25.067,0.77,-0.62,-0.08,-0.11
2025-03-27 16:39:25.067,0.77,-0.62,-0.08,-0.1
2025-03-27 16:39:25.083,0.78,-0.62,-0.07,-0.1
2025-03-27 16:39:25.100,0.78,-0.61,-0.07,-0.1
2025-03-27 16:39:25.100,0.78,-0.61,-0.07,-0.1
2025-03-27 16:39:25.117,0.79,-0.6,-0.08,-0.1
2025-03-27 16:39:25.117,0.79,-0.6,-0.08,-0.1
2025-03-27 16:39:25.133,0.8,-0.59,-0.08,-0.1
2025-03-27 16:39:25.150,0.8,-0.58,-0.08,-0.1
2025-03-27 16:39:25.150,0.81,-0.58,-0.08,-0.1
2025-03-27 16:39:25.167,0.81,-0.57,-0.08,-0.09
2025-03-27 16:39:25.167,0.82,-0.56,-0.08,-0.09
2025-03-27 16:39:25.183,0.83,-0.55,-0.08,-0.09
2025-03-27 16:39:25.200,0.83,-0.54,-0.08,-0.09
2025-03-27 16:39:25.200,0.84,-0.53,-0.08,-0.09
2025-03-27 16:39:25.216,0.85,-0.52,-0.08,-0.09
2025-03-27 16:39:25.216,0.85,-0.51,-0.08,-0.09
2025-03-27 16:39:25.233,0.86,-0.5,-0.08,-0.09
2025-03-27 16:39:25.249,0.87,-0.49,-0.08,-0.09
2025-03-27 16:39:25.250,0.87,-0.48,-0.08,-0.08
2025-03-27 16:39:25.266,0.88,-0.47,-0.08,-0.08
2025-03-27 16:39:25.266,0.88,-0.45,-0.08,-0.08
2025-03-27 16:39:25.283,0.89,-0.44,-0.08,-0.08
2025-03-27 16:39:25.299,0.9,-0.43,-0.07,-0.08
2025-03-27 16:39:25.300,0.9,-0.42,-0.07,-0.08
2025-03-27 16:39:25.316,0.91,-0.41,-0.07,-0.08
2025-03-27 16:39:25.316,0.91,-0.39,-0.07,-0.07
2025-03-27 16:39:25.333,0.92,-0.38,-0.07,-0.07
2025-03-27 16:39:25.349,0.92,-0.37,-0.07,-0.07
2025-03-27 16:39:25.350,0.93,-0.35,-0.07,-0.07
2025-03-27 16:39:25.366,0.93,-0.34,-0.07,-0.07
2025-03-27 16:39:25.366,0.94,-0.33,-0.07,-0.07
2025-03-27 16:39:25.383,0.94,-0.32,-0.07,-0.07
2025-03-27 16:39:25.399,0.95,-0.3,-0.07,-0.07
2025-03-27 16:39:25.400,0.95,-0.29,-0.06,-0.06
2025-03-27 16:39:25.416,0.96,-0.28,-0.06,-0.06
2025-03-27 16:39:25.416,0.96,-0.26,-0.06,-0.06
2025-03-27 16:39:25.433,0.96,-0.25,-0.06,-0.06
2025-03-27 16:39:25.450,0.97,-0.24,-0.06,-0.06
2025-03-27 16:39:25.450,0.97,-0.23,-0.06,-0.05
2025-03-27 16:39:25.466,0.97,-0.22,-0.06,-0.05
2025-03-27 16:39:25.466,0.98,-0.21,-0.06,-0.05
2025-03-27 16:39:25.483,0.98,-0.2,-0.06,-0.05
2025-03-27 16:39:25.499,0.98,-0.19,-0.06,-0.05
2025-03-27 16:39:25.500,0.98,-0.18,-0.06,-0.05
2025-03-27 16:39:25.516,0.98,-0.17,-0.06,-0.05
2025-03-27 16:39:25.516,0.98,-0.16,-0.05,-0.05
2025-03-27 16:39:25.533,0.99,-0.15,-0.05,-0.05
2025-03-27 16:39:25.549,0.99,-0.14,-0.05,-0.05
2025-03-27 16:39:25.550,0.99,-0.13,-0.05,-0.06
2025-03-27 16:39:25.566,0.99,-0.12,-0.05,-0.06
2025-03-27 16:39:25.566,0.99,-0.11,-0.05,-0.06
2025-03-27 16:39:25.583,0.99,-0.1,-0.05,-0.07
2025-03-27 16:39:25.599,0.99,-0.08,-0.05,-0.07
2025-03-27 16:39:25.600,0.99,-0.07,-0.05,-0.07
2025-03-27 16:39:25.616,0.99,-0.06,-0.05,-0.08
2025-03-27 16:39:25.616,0.99,-0.05,-0.05,-0.08
2025-03-27 16:39:25.633,0.99,-0.05,-0.05,-0.09
2025-03-27 16:39:25.649,0.99,-0.04,-0.05,-0.09
2025-03-27 16:39:25.650,0.99,-0.03,-0.05,-0.09
2025-03-27 16:39:25.666,0.99,-0.03,-0.06,-0.09
2025-03-27 16:39:25.666,0.99,-0.03,-0.06,-0.09
2025-03-27 16:39:25.683,0.99,-0.02,-0.06,-0.1
2025-03-27 16:39:25.699,0.99,-0.02,-0.06,-0.1
2025-03-27 16:39:25.700,0.99,-0.02,-0.06,-0.1
2025-03-27 16:39:25.717,0.99,-0.02,-0.06,-0.1
2025-03-27 16:39:25.717,0.99,-0.02,-0.06,-0.1
2025-03-27 16:39:25.733,0.99,-0.02,-0.06,-0.1
2025-03-27 16:39:25.750,0.99,-0.02,-0.06,-0.1
2025-03-27 16:39:25.750,0.99,-0.02,-0.06,-0.11
2025-03-27 16:39:25.767,0.99,-0.02,-0.06,-0.11
2025-03-27 16:39:25.767,0.99,-0.03,-0.06,-0.11
2025-03-27 16:39:25.784,0.99,-0.03,-0.06,-0.11
2025-03-27 16:39:25.800,0.99,-0.03,-0.07,-0.1
2025-03-27 16:39:25.800,0.99,-0.03,-0.07,-0.1
2025-03-27 16:39:25.817,0.99,-0.03,-0.07,-0.09
2025-03-27 16:39:25.817,0.99,-0.03,-0.07,-0.09
2025-03-27 16:39:25.833,0.99,-0.04,-0.07,-0.08
2025-03-27 16:39:25.850,0.99,-0.04,-0.07,-0.07
2025-03-27 16:39:25.850,0.99,-0.04,-0.07,-0.06
2025-03-27 16:39:25.867,0.99,-0.05,-0.08,-0.05
2025-03-27 16:39:25.867,0.99,-0.05,-0.08,-0.04
2025-03-27 16:39:25.883,0.99,-0.05,-0.08,-0.03
2025-03-27 16:39:25.900,0.99,-0.05,-0.09,-0.02
2025-03-27 16:39:25.900,0.99,-0.06,-0.09,-0.0
2025-03-27 16:39:25.917,0.99,-0.06,-0.1,0.01
2025-03-27 16:39:25.917,0.99,-0.06,-0.1,0.03
2025-03-27 16:39:25.933,0.99,-0.06,-0.11,0.04
2025-03-27 16:39:25.950,0.99,-0.06,-0.12,0.06
2025-03-27 16:39:25.950,0.99,-0.06,-0.12,0.07
2025-03-27 16:39:25.967,0.99,-0.06,-0.12,0.09
2025-03-27 16:39:25.967,0.98,-0.06,-0.13,0.11
2025-03-27 16:39:25.983,0.98,-0.06,-0.13,0.12
2025-03-27 16:39:26.000,0.98,-0.07,-0.13,0.14
2025-03-27 16:39:26.000,0.98,-0.07,-0.13,0.15
2025-03-27 16:39:26.017,0.98,-0.07,-0.13,0.16
2025-03-27 16:39:26.017,0.97,-0.08,-0.13,0.18
2025-03-27 16:39:26.033,0.97,-0.08,-0.13,0.19
2025-03-27 16:39:26.050,0.97,-0.08,-0.13,0.2
2025-03-27 16:39:26.050,0.97,-0.08,-0.13,0.21
2025-03-27 16:39:26.067,0.96,-0.07,-0.13,0.23
2025-03-27 16:39:26.067,0.96,-0.07,-0.13,0.24
2025-03-27 16:39:26.083,0.95,-0.06,-0.14,0.25
2025-03-27 16:39:26.100,0.95,-0.06,-0.14,0.27
2025-03-27 16:39:26.100,0.95,-0.06,-0.14,0.28
2025-03-27 16:39:26.117,0.94,-0.05,-0.14,0.29
2025-03-27 16:39:26.117,0.94,-0.05,-0.14,0.31
2025-03-27 16:39:26.133,0.94,-0.04,-0.14,0.32
2025-03-27 16:39:26.150,0.93,-0.03,-0.14,0.34
2025-03-27 16:39:26.150,0.93,-0.02,-0.14,0.35
2025-03-27 16:39:26.167,0.92,-0.01,-0.15,0.36
2025-03-27 16:39:26.167,0.91,-0.01,-0.16,0.37
2025-03-27 16:39:26.184,0.91,0.0,-0.16,0.38
2025-03-27 16:39:26.200,0.91,0.0,-0.16,0.39
2025-03-27 16:39:26.200,0.9,0.0,-0.15,0.4
2025-03-27 16:39:26.217,0.9,0.0,-0.15,0.41
2025-03-27 16:39:26.217,0.9,-0.0,-0.14,0.42
2025-03-27 16:39:26.233,0.89,-0.0,-0.14,0.42
2025-03-27 16:39:26.250,0.89,-0.01,-0.14,0.43
2025-03-27 16:39:26.250,0.89,-0.01,-0.13,0.44
2025-03-27 16:39:26.267,0.89,-0.01,-0.13,0.45
2025-03-27 16:39:26.267,0.88,-0.02,-0.13,0.45
2025-03-27 16:39:26.283,0.88,-0.02,-0.13,0.46
2025-03-27 16:39:26.300,0.87,-0.02,-0.13,0.47
2025-03-27 16:39:26.300,0.87,-0.02,-0.12,0.48
2025-03-27 16:39:26.317,0.86,-0.03,-0.12,0.49
2025-03-27 16:39:26.317,0.86,-0.03,-0.11,0.51
2025-03-27 16:39:26.333,0.85,-0.02,-0.11,0.52
2025-03-27 16:39:26.350,0.84,-0.02,-0.11,0.53
2025-03-27 16:39:26.350,0.83,-0.02,-0.1,0.54
2025-03-27 16:39:26.367,0.83,-0.01,-0.1,0.55
2025-03-27 16:39:26.367,0.82,-0.01,-0.1,0.56
2025-03-27 16:39:26.383,0.81,-0.01,-0.1,0.58
2025-03-27 16:39:26.400,0.8,-0.0,-0.1,0.59
2025-03-27 16:39:26.400,0.79,-0.0,-0.1,0.6
2025-03-27 16:39:26.417,0.79,-0.0,-0.09,0.61
2025-03-27 16:39:26.417,0.78,-0.0,-0.09,0.62
2025-03-27 16:39:26.433,0.77,-0.01,-0.09,0.64
2025-03-27 16:39:26.450,0.76,-0.02,-0.09,0.65
2025-03-27 16:39:26.450,0.75,-0.02,-0.08,0.66
2025-03-27 16:39:26.467,0.74,-0.02,-0.08,0.66
2025-03-27 16:39:26.467,0.74,-0.02,-0.08,0.67
2025-03-27 16:39:26.483,0.73,-0.02,-0.08,0.68
2025-03-27 16:39:26.500,0.72,-0.02,-0.08,0.69
2025-03-27 16:39:26.500,0.72,-0.02,-0.08,0.69
2025-03-27 16:39:26.517,0.71,-0.01,-0.08,0.7
2025-03-27 16:39:26.517,0.71,-0.01,-0.08,0.7
2025-03-27 16:39:26.533,0.7,-0.01,-0.08,0.71
2025-03-27 16:39:26.550,0.7,-0.01,-0.08,0.71
2025-03-27 16:39:26.550,0.7,-0.01,-0.08,0.71
2025-03-27 16:39:26.567,0.69,-0.01,-0.08,0.72
2025-03-27 16:39:26.567,0.69,-0.0,-0.08,0.72
2025-03-27 16:39:26.583,0.68,-0.0,-0.07,0.73
2025-03-27 16:39:26.600,0.68,0.0,-0.07,0.73
2025-03-27 16:39:26.600,0.68,0.0,-0.07,0.73
2025-03-27 16:39:26.617,0.67,0.0,-0.06,0.74
2025-03-27 16:39:26.617,0.67,0.0,-0.06,0.74
2025-03-27 16:39:26.633,0.66,0.0,-0.06,0.75
2025-03-27 16:39:26.650,0.66,0.0,-0.06,0.75
2025-03-27 16:39:26.650,0.66,0.01,-0.06,0.75
2025-03-27 16:39:26.667,0.65,0.01,-0.06,0.75
2025-03-27 16:39:26.667,0.65,0.01,-0.06,0.76
2025-03-27 16:39:26.683,0.65,0.01,-0.06,0.76
2025-03-27 16:39:26.699,0.65,0.01,-0.06,0.76
2025-03-27 16:39:26.700,0.64,0.01,-0.06,0.76
2025-03-27 16:39:26.716,0.64,0.01,-0.05,0.77
2025-03-27 16:39:26.717,0.64,0.01,-0.05,0.77
2025-03-27 16:39:26.733,0.64,0.01,-0.05,0.77
2025-03-27 16:39:26.750,0.64,0.01,-0.05,0.77
2025-03-27 16:39:26.750,0.64,0.01,-0.05,0.77
2025-03-27 16:39:26.766,0.63,0.01,-0.05,0.77
2025-03-27 16:39:26.767,0.63,0.01,-0.05,0.77
2025-03-27 16:39:26.783,0.63,0.01,-0.05,0.77
2025-03-27 16:39:26.800,0.63,0.01,-0.05,0.77
2025-03-27 16:39:26.800,0.63,0.01,-0.05,0.77
2025-03-27 16:39:26.816,0.63,0.01,-0.05,0.78
2025-03-27 16:39:26.817,0.63,0.01,-0.05,0.78
2025-03-27 16:39:26.833,0.63,0.01,-0.05,0.78
2025-03-27 16:39:26.850,0.63,0.01,-0.05,0.77
2025-03-27 16:39:26.850,0.63,0.01,-0.05,0.77
2025-03-27 16:39:26.866,0.63,0.01,-0.05,0.77
2025-03-27 16:39:26.867,0.63,0.01,-0.05,0.77
2025-03-27 16:39:26.883,0.64,0.02,-0.05,0.77
2025-03-27 16:39:26.900,0.64,0.02,-0.05,0.77
2025-03-27 16:39:26.900,0.64,0.02,-0.05,0.76
2025-03-27 16:39:26.916,0.65,0.02,-0.05,0.76
2025-03-27 16:39:26.917,0.65,0.02,-0.05,0.76
2025-03-27 16:39:26.933,0.66,0.02,-0.05,0.75
2025-03-27 16:39:26.950,0.66,0.02,-0.05,0.75
2025-03-27 16:39:26.950,0.67,0.02,-0.05,0.74
2025-03-27 16:39:26.966,0.67,0.02,-0.05,0.74
2025-03-27 16:39:26.967,0.68,0.02,-0.05,0.73
2025-03-27 16:39:26.983,0.69,0.02,-0.05,0.73
2025-03-27 16:39:27.000,0.69,0.02,-0.05,0.72
2025-03-27 16:39:27.000,0.7,0.03,-0.05,0.71
2025-03-27 16:39:27.016,0.71,0.03,-0.05,0.7
2025-03-27 16:39:27.017,0.72,0.03,-0.05,0.69
2025-03-27 16:39:27.033,0.72,0.03,-0.05,0.69
2025-03-27 16:39:27.050,0.73,0.03,-0.04,0.68
2025-03-27 16:39:27.050,0.74,0.03,-0.04,0.67
2025-03-27 16:39:27.066,0.75,0.03,-0.04,0.66
2025-03-27 16:39:27.067,0.76,0.04,-0.04,0.65
2025-03-27 16:39:27.083,0.77,0.04,-0.04,0.64
2025-03-27 16:39:27.100,0.77,0.04,-0.04,0.63
2025-03-27 16:39:27.100,0.78,0.04,-0.04,0.62
2025-03-27 16:39:27.116,0.79,0.04,-0.04,0.61
2025-03-27 16:39:27.117,0.8,0.05,-0.04,0.6
2025-03-27 16:39:27.133,0.81,0.05,-0.05,0.59
2025-03-27 16:39:27.150,0.82,0.05,-0.05,0.57
2025-03-27 16:39:27.150,0.82,0.06,-0.05,0.56
2025-03-27 16:39:27.166,0.83,0.07,-0.05,0.55
2025-03-27 16:39:27.167,0.84,0.07,-0.05,0.53
2025-03-27 16:39:27.183,0.85,0.07,-0.05,0.51
2025-03-27 16:39:27.200,0.86,0.07,-0.05,0.5
2025-03-27 16:39:27.200,0.87,0.07,-0.05,0.48
2025-03-27 16:39:27.216,0.88,0.07,-0.06,0.46
2025-03-27 16:39:27.217,0.89,0.07,-0.07,0.44
2025-03-27 16:39:27.233,0.9,0.07,-0.07,0.42
2025-03-27 16:39:27.250,0.91,0.07,-0.07,0.41
2025-03-27 16:39:27.250,0.92,0.07,-0.07,0.39
2025-03-27 16:39:27.267,0.92,0.07,-0.07,0.37
2025-03-27 16:39:27.267,0.93,0.07,-0.06,0.35
2025-03-27 16:39:27.283,0.94,0.08,-0.06,0.34
2025-03-27 16:39:27.300,0.94,0.08,-0.05,0.32
2025-03-27 16:39:27.300,0.95,0.09,-0.05,0.31
2025-03-27 16:39:27.317,0.95,0.1,-0.06,0.3
2025-03-27 16:39:27.317,0.95,0.11,-0.07,0.28
2025-03-27 16:39:27.333,0.95,0.12,-0.09,0.27
2025-03-27 16:39:27.350,0.95,0.13,-0.1,0.26
2025-03-27 16:39:27.350,0.95,0.14,-0.11,0.25
2025-03-27 16:39:27.367,0.95,0.14,-0.12,0.24
2025-03-27 16:39:27.367,0.96,0.15,-0.12,0.23
2025-03-27 16:39:27.383,0.96,0.16,-0.12,0.21
2025-03-27 16:39:27.400,0.96,0.16,-0.12,0.2
2025-03-27 16:39:27.400,0.96,0.17,-0.12,0.19
2025-03-27 16:39:27.417,0.96,0.18,-0.12,0.18
2025-03-27 16:39:27.417,0.96,0.19,-0.13,0.16
2025-03-27 16:39:27.433,0.96,0.19,-0.13,0.15
2025-03-27 16:39:27.450,0.96,0.19,-0.13,0.14
2025-03-27 16:39:27.450,0.97,0.19,-0.13,0.12
2025-03-27 16:39:27.467,0.97,0.19,-0.13,0.11
2025-03-27 16:39:27.467,0.97,0.19,-0.12,0.1
2025-03-27 16:39:27.483,0.97,0.19,-0.12,0.09
2025-03-27 16:39:27.500,0.97,0.19,-0.11,0.07
2025-03-27 16:39:27.500,0.97,0.19,-0.11,0.06
2025-03-27 16:39:27.517,0.97,0.19,-0.1,0.05
2025-03-27 16:39:27.517,0.97,0.2,-0.1,0.04
2025-03-27 16:39:27.533,0.97,0.21,-0.1,0.03
2025-03-27 16:39:27.550,0.97,0.21,-0.09,0.01
2025-03-27 16:39:27.550,0.97,0.22,-0.09,0.0
2025-03-27 16:39:27.567,0.97,0.23,-0.08,-0.01
2025-03-27 16:39:27.567,0.97,0.23,-0.08,-0.03
2025-03-27 16:39:27.583,0.97,0.24,-0.07,-0.04
2025-03-27 16:39:27.600,0.97,0.25,-0.06,-0.06
2025-03-27 16:39:27.600,0.96,0.25,-0.06,-0.08
2025-03-27 16:39:27.617,0.96,0.26,-0.05,-0.09
2025-03-27 16:39:27.617,0.96,0.26,-0.04,-0.11
2025-03-27 16:39:27.633,0.95,0.27,-0.04,-0.13
2025-03-27 16:39:27.650,0.95,0.28,-0.03,-0.15
2025-03-27 16:39:27.650,0.94,0.28,-0.03,-0.17
2025-03-27 16:39:27.667,0.94,0.28,-0.02,-0.2
2025-03-27 16:39:27.667,0.93,0.28,-0.02,-0.22
2025-03-27 16:39:27.683,0.93,0.28,-0.01,-0.25
2025-03-27 16:39:27.700,0.92,0.28,-0.0,-0.28
2025-03-27 16:39:27.700,0.91,0.28,0.0,-0.3
2025-03-27 16:39:27.717,0.9,0.28,0.01,-0.33
2025-03-27 16:39:27.717,0.89,0.28,0.02,-0.35
2025-03-27 16:39:27.733,0.88,0.28,0.03,-0.37
2025-03-27 16:39:27.750,0.87,0.28,0.03,-0.4
2025-03-27 16:39:27.750,0.86,0.28,0.04,-0.42
2025-03-27 16:39:27.766,0.85,0.28,0.05,-0.43
2025-03-27 16:39:27.766,0.85,0.28,0.05,-0.45
2025-03-27 16:39:27.783,0.84,0.28,0.05,-0.46
2025-03-27 16:39:27.799,0.83,0.28,0.05,-0.47
2025-03-27 16:39:27.800,0.83,0.29,0.04,-0.47
2025-03-27 16:39:27.816,0.83,0.29,0.04,-0.48
2025-03-27 16:39:27.833,0.83,0.29,0.03,-0.48
2025-03-27 16:39:27.833,0.83,0.29,0.03,-0.48
2025-03-27 16:39:27.849,0.83,0.28,0.02,-0.49
2025-03-27 16:39:27.850,0.82,0.28,0.02,-0.49
2025-03-27 16:39:27.866,0.82,0.28,0.02,-0.5
2025-03-27 16:39:27.866,0.82,0.27,0.01,-0.5
2025-03-27 16:39:27.883,0.82,0.27,0.01,-0.51
2025-03-27 16:39:27.899,0.81,0.27,0.01,-0.52
2025-03-27 16:39:27.900,0.81,0.26,0.0,-0.52
2025-03-27 16:39:27.916,0.81,0.26,0.0,-0.53
2025-03-27 16:39:27.916,0.8,0.26,0.0,-0.54
2025-03-27 16:39:27.933,0.8,0.26,-0.0,-0.55
2025-03-27 16:39:27.949,0.79,0.26,-0.0,-0.56
2025-03-27 16:39:27.950,0.78,0.25,-0.01,-0.57
2025-03-27 16:39:27.966,0.77,0.25,-0.02,-0.58
2025-03-27 16:39:27.983,0.77,0.25,-0.02,-0.59
2025-03-27 16:39:27.983,0.76,0.25,-0.02,-0.6
2025-03-27 16:39:27.999,0.75,0.25,-0.02,-0.61
2025-03-27 16:39:28.000,0.74,0.25,-0.03,-0.62
2025-03-27 16:39:28.016,0.74,0.25,-0.03,-0.62
2025-03-27 16:39:28.016,0.74,0.25,-0.03,-0.63
2025-03-27 16:39:28.033,0.73,0.24,-0.04,-0.63
2025-03-27 16:39:28.049,0.73,0.24,-0.04,-0.64
2025-03-27 16:39:28.050,0.73,0.24,-0.03,-0.64
2025-03-27 16:39:28.066,0.72,0.24,-0.02,-0.65
2025-03-27 16:39:28.083,0.72,0.25,-0.01,-0.65
2025-03-27 16:39:28.083,0.71,0.24,-0.0,-0.66
2025-03-27 16:39:28.099,0.71,0.24,0.01,-0.66
2025-03-27 16:39:28.100,0.7,0.24,0.02,-0.67
2025-03-27 16:39:28.116,0.69,0.24,0.02,-0.68
2025-03-27 16:39:28.133,0.68,0.24,0.03,-0.69
2025-03-27 16:39:28.133,0.67,0.24,0.03,-0.7
2025-03-27 16:39:28.149,0.66,0.24,0.04,-0.71
2025-03-27 16:39:28.150,0.65,0.24,0.04,-0.72
2025-03-27 16:39:28.166,0.64,0.24,0.05,-0.73
2025-03-27 16:39:28.166,0.63,0.24,0.05,-0.74
2025-03-27 16:39:28.183,0.61,0.24,0.05,-0.75
2025-03-27 16:39:28.199,0.6,0.24,0.06,-0.76
2025-03-27 16:39:28.200,0.59,0.24,0.06,-0.77
2025-03-27 16:39:28.216,0.58,0.24,0.05,-0.78
2025-03-27 16:39:28.233,0.58,0.24,0.05,-0.78
2025-03-27 16:39:28.233,0.57,0.24,0.05,-0.78
2025-03-27 16:39:28.250,0.57,0.24,0.05,-0.79
2025-03-27 16:39:28.250,0.56,0.24,0.06,-0.79
2025-03-27 16:39:28.266,0.55,0.25,0.06,-0.79
2025-03-27 16:39:28.283,0.54,0.25,0.07,-0.8
2025-03-27 16:39:28.283,0.53,0.26,0.08,-0.8
2025-03-27 16:39:28.300,0.52,0.27,0.08,-0.81
2025-03-27 16:39:28.300,0.51,0.27,0.09,-0.81
2025-03-27 16:39:28.316,0.5,0.27,0.09,-0.81
2025-03-27 16:39:28.333,0.5,0.27,0.09,-0.82
2025-03-27 16:39:28.333,0.49,0.27,0.09,-0.82
2025-03-27 16:39:28.350,0.49,0.26,0.08,-0.83
2025-03-27 16:39:28.350,0.49,0.26,0.07,-0.83
2025-03-27 16:39:28.367,0.48,0.26,0.07,-0.84
2025-03-27 16:39:28.367,0.47,0.26,0.07,-0.84
2025-03-27 16:39:28.383,0.46,0.27,0.07,-0.85
2025-03-27 16:39:28.400,0.44,0.27,0.07,-0.85
2025-03-27 16:39:28.400,0.43,0.28,0.08,-0.85
2025-03-27 16:39:28.417,0.42,0.28,0.09,-0.86
2025-03-27 16:39:28.433,0.41,0.27,0.09,-0.86
2025-03-27 16:39:28.434,0.41,0.27,0.09,-0.87
2025-03-27 16:39:28.450,0.4,0.26,0.08,-0.87
2025-03-27 16:39:28.450,0.39,0.26,0.08,-0.88
2025-03-27 16:39:28.467,0.37,0.26,0.09,-0.88
2025-03-27 16:39:28.483,0.36,0.27,0.09,-0.89
2025-03-27 16:39:28.484,0.35,0.27,0.09,-0.89
2025-03-27 16:39:28.500,0.33,0.27,0.09,-0.9
2025-03-27 16:39:28.500,0.32,0.27,0.09,-0.9
2025-03-27 16:39:28.517,0.31,0.28,0.09,-0.9
2025-03-27 16:39:28.534,0.31,0.28,0.09,-0.91
2025-03-27 16:39:28.534,0.3,0.27,0.09,-0.91
2025-03-27 16:39:28.550,0.3,0.27,0.09,-0.91
2025-03-27 16:39:28.550,0.29,0.27,0.1,-0.91
2025-03-27 16:39:28.567,0.29,0.27,0.1,-0.91
2025-03-27 16:39:28.583,0.28,0.27,0.1,-0.92
2025-03-27 16:39:28.584,0.27,0.27,0.1,-0.92
2025-03-27 16:39:28.600,0.26,0.27,0.11,-0.92
2025-03-27 16:39:28.600,0.26,0.27,0.11,-0.92
2025-03-27 16:39:28.617,0.25,0.27,0.11,-0.92
2025-03-27 16:39:28.617,0.25,0.26,0.11,-0.93
2025-03-27 16:39:28.634,0.25,0.26,0.11,-0.93
2025-03-27 16:39:28.650,0.24,0.26,0.12,-0.93
2025-03-27 16:39:28.650,0.24,0.25,0.12,-0.93
2025-03-27 16:39:28.667,0.24,0.25,0.12,-0.93
2025-03-27 16:39:28.683,0.24,0.25,0.13,-0.93
2025-03-27 16:39:28.684,0.24,0.25,0.13,-0.93
2025-03-27 16:39:28.700,0.24,0.25,0.13,-0.93
2025-03-27 16:39:28.700,0.23,0.24,0.14,-0.93
2025-03-27 16:39:28.717,0.23,0.24,0.14,-0.93
2025-03-27 16:39:28.733,0.23,0.24,0.14,-0.93
2025-03-27 16:39:28.734,0.24,0.24,0.15,-0.93
2025-03-27 16:39:28.750,0.24,0.24,0.15,-0.93
2025-03-27 16:39:28.750,0.24,0.24,0.15,-0.93
2025-03-27 16:39:28.766,0.24,0.24,0.15,-0.93
2025-03-27 16:39:28.783,0.25,0.24,0.16,-0.93
2025-03-27 16:39:28.783,0.25,0.24,0.16,-0.93
2025-03-27 16:39:28.800,0.26,0.24,0.16,-0.92
2025-03-27 16:39:28.800,0.26,0.23,0.16,-0.92
2025-03-27 16:39:28.816,0.27,0.23,0.16,-0.92
2025-03-27 16:39:28.833,0.28,0.23,0.15,-0.92
2025-03-27 16:39:28.833,0.29,0.23,0.15,-0.92
2025-03-27 16:39:28.850,0.3,0.23,0.15,-0.91
2025-03-27 16:39:28.850,0.31,0.23,0.15,-0.91
2025-03-27 16:39:28.866,0.32,0.22,0.15,-0.91
2025-03-27 16:39:28.883,0.33,0.22,0.14,-0.91
2025-03-27 16:39:28.883,0.34,0.22,0.14,-0.9
2025-03-27 16:39:28.900,0.36,0.22,0.14,-0.9
2025-03-27 16:39:28.900,0.37,0.22,0.13,-0.89
2025-03-27 16:39:28.916,0.38,0.22,0.13,-0.89
2025-03-27 16:39:28.933,0.39,0.22,0.12,-0.89
2025-03-27 16:39:28.933,0.4,0.22,0.12,-0.88
2025-03-27 16:39:28.950,0.42,0.22,0.12,-0.88
2025-03-27 16:39:28.950,0.43,0.21,0.11,-0.87
2025-03-27 16:39:28.966,0.45,0.21,0.11,-0.86
2025-03-27 16:39:28.983,0.46,0.2,0.1,-0.86
2025-03-27 16:39:28.983,0.47,0.2,0.1,-0.85
2025-03-27 16:39:29.000,0.48,0.19,0.09,-0.85
2025-03-27 16:39:29.000,0.5,0.19,0.09,-0.84
2025-03-27 16:39:29.016,0.51,0.18,0.08,-0.84
2025-03-27 16:39:29.033,0.52,0.18,0.07,-0.83
2025-03-27 16:39:29.033,0.53,0.17,0.07,-0.83
2025-03-27 16:39:29.050,0.55,0.17,0.06,-0.82
2025-03-27 16:39:29.050,0.56,0.17,0.05,-0.81
2025-03-27 16:39:29.066,0.58,0.16,0.05,-0.8
2025-03-27 16:39:29.083,0.59,0.16,0.05,-0.79
2025-03-27 16:39:29.083,0.61,0.15,0.04,-0.78
2025-03-27 16:39:29.100,0.62,0.15,0.04,-0.77
2025-03-27 16:39:29.100,0.63,0.14,0.04,-0.76
2025-03-27 16:39:29.116,0.65,0.14,0.03,-0.75
2025-03-27 16:39:29.133,0.66,0.13,0.03,-0.74
2025-03-27 16:39:29.133,0.67,0.12,0.02,-0.73
2025-03-27 16:39:29.150,0.69,0.12,0.02,-0.72
2025-03-27 16:39:29.150,0.7,0.12,0.01,-0.71
2025-03-27 16:39:29.166,0.71,0.11,0.01,-0.7
2025-03-27 16:39:29.183,0.72,0.11,0.0,-0.69
2025-03-27 16:39:29.183,0.73,0.1,-0.0,-0.68
2025-03-27 16:39:29.200,0.74,0.09,-0.01,-0.67
2025-03-27 16:39:29.200,0.75,0.09,-0.01,-0.66
2025-03-27 16:39:29.216,0.75,0.08,-0.02,-0.65
2025-03-27 16:39:29.233,0.76,0.08,-0.03,-0.65
2025-03-27 16:39:29.233,0.77,0.08,-0.04,-0.64
2025-03-27 16:39:29.250,0.77,0.08,-0.05,-0.63
2025-03-27 16:39:29.250,0.79,0.07,-0.05,-0.61
2025-03-27 16:39:29.267,0.8,0.07,-0.06,-0.59
2025-03-27 16:39:29.283,0.82,0.06,-0.07,-0.57
2025-03-27 16:39:29.283,0.83,0.05,-0.08,-0.55
2025-03-27 16:39:29.300,0.85,0.04,-0.08,-0.52
2025-03-27 16:39:29.300,0.87,0.02,-0.09,-0.49
2025-03-27 16:39:29.317,0.88,0.01,-0.1,-0.47
2025-03-27 16:39:29.333,0.89,0.01,-0.1,-0.45
2025-03-27 16:39:29.333,0.9,0.0,-0.11,-0.43
2025-03-27 16:39:29.350,0.9,-0.0,-0.12,-0.42
2025-03-27 16:39:29.350,0.9,-0.0,-0.13,-0.41
2025-03-27 16:39:29.367,0.9,-0.0,-0.14,-0.41
2025-03-27 16:39:29.383,0.9,-0.0,-0.16,-0.41
2025-03-27 16:39:29.383,0.89,-0.0,-0.17,-0.41
2025-03-27 16:39:29.400,0.89,0.01,-0.18,-0.41
2025-03-27 16:39:29.400,0.89,0.03,-0.2,-0.41
2025-03-27 16:39:29.417,0.89,0.05,-0.19,-0.41
2025-03-27 16:39:29.433,0.9,0.07,-0.17,-0.39
2025-03-27 16:39:29.433,0.91,0.09,-0.15,-0.38
2025-03-27 16:39:29.450,0.91,0.09,-0.14,-0.37
2025-03-27 16:39:29.450,0.92,0.09,-0.14,-0.36
2025-03-27 16:39:29.467,0.92,0.08,-0.14,-0.35
2025-03-27 16:39:29.483,0.92,0.06,-0.15,-0.35
2025-03-27 16:39:29.483,0.92,0.05,-0.15,-0.35
2025-03-27 16:39:29.500,0.92,0.03,-0.16,-0.35
2025-03-27 16:39:29.500,0.92,0.01,-0.16,-0.35
2025-03-27 16:39:29.516,0.92,-0.01,-0.17,-0.35
2025-03-27 16:39:29.533,0.92,-0.02,-0.17,-0.35
2025-03-27 16:39:29.533,0.92,-0.04,-0.18,-0.35
2025-03-27 16:39:29.550,0.92,-0.06,-0.19,-0.35
2025-03-27 16:39:29.550,0.92,-0.08,-0.19,-0.34
2025-03-27 16:39:29.566,0.92,-0.09,-0.19,-0.34
2025-03-27 16:39:29.583,0.92,-0.1,-0.19,-0.34
2025-03-27 16:39:29.583,0.92,-0.12,-0.19,-0.34
2025-03-27 16:39:29.600,0.91,-0.13,-0.18,-0.34
2025-03-27 16:39:29.600,0.91,-0.14,-0.18,-0.34
2025-03-27 16:39:29.616,0.91,-0.15,-0.18,-0.34
2025-03-27 16:39:29.633,0.91,-0.15,-0.18,-0.34
2025-03-27 16:39:29.633,0.91,-0.15,-0.18,-0.34
2025-03-27 16:39:29.650,0.91,-0.15,-0.18,-0.34
2025-03-27 16:39:29.650,0.91,-0.14,-0.19,-0.34
2025-03-27 16:39:29.666,0.91,-0.13,-0.19,-0.34
2025-03-27 16:39:29.683,0.91,-0.12,-0.19,-0.34
2025-03-27 16:39:29.683,0.91,-0.11,-0.19,-0.34
2025-03-27 16:39:29.700,0.92,-0.1,-0.19,-0.34
2025-03-27 16:39:29.700,0.92,-0.09,-0.19,-0.33
2025-03-27 16:39:29.716,0.92,-0.09,-0.19,-0.33
2025-03-27 16:39:29.733,0.92,-0.08,-0.18,-0.33
2025-03-27 16:39:29.733,0.92,-0.08,-0.18,-0.33
2025-03-27 16:39:29.750,0.93,-0.07,-0.18,-0.32
2025-03-27 16:39:29.750,0.93,-0.07,-0.18,-0.32
2025-03-27 16:39:29.766,0.93,-0.06,-0.18,-0.32
2025-03-27 16:39:29.783,0.93,-0.06,-0.18,-0.32
2025-03-27 16:39:29.784,0.93,-0.06,-0.18,-0.32
2025-03-27 16:39:29.800,0.93,-0.05,-0.18,-0.32
2025-03-27 16:39:29.800,0.93,-0.05,-0.18,-0.32
2025-03-27 16:39:29.817,0.93,-0.04,-0.17,-0.32
2025-03-27 16:39:29.833,0.93,-0.04,-0.17,-0.32
2025-03-27 16:39:29.834,0.93,-0.03,-0.17,-0.32
2025-03-27 16:39:29.850,0.93,-0.03,-0.17,-0.32
2025-03-27 16:39:29.850,0.93,-0.03,-0.17,-0.32
2025-03-27 16:39:29.867,0.93,-0.03,-0.17,-0.32
2025-03-27 16:39:29.883,0.93,-0.02,-0.16,-0.32
2025-03-27 16:39:29.884,0.93,-0.02,-0.16,-0.32
2025-03-27 16:39:29.900,0.93,-0.02,-0.16,-0.32
2025-03-27 16:39:29.900,0.93,-0.01,-0.16,-0.32
2025-03-27 16:39:29.917,0.93,-0.01,-0.16,-0.32
2025-03-27 16:39:29.933,0.93,-0.01,-0.16,-0.32
2025-03-27 16:39:29.934,0.93,-0.0,-0.16,-0.31
2025-03-27 16:39:29.950,0.94,-0.0,-0.16,-0.31
2025-03-27 16:39:29.950,0.94,-0.0,-0.16,-0.31
2025-03-27 16:39:29.967,0.94,0.0,-0.16,-0.31
2025-03-27 16:39:29.983,0.94,0.0,-0.16,-0.31
2025-03-27 16:39:29.984,0.94,0.01,-0.16,-0.31
2025-03-27 16:39:30.000,0.94,0.01,-0.16,-0.31
2025-03-27 16:39:30.000,0.94,0.02,-0.15,-0.31
2025-03-27 16:39:30.017,0.94,0.02,-0.15,-0.31
2025-03-27 16:39:30.033,0.94,0.03,-0.15,-0.3
2025-03-27 16:39:30.034,0.94,0.03,-0.15,-0.3
2025-03-27 16:39:30.050,0.94,0.03,-0.16,-0.3
2025-03-27 16:39:30.050,0.94,0.03,-0.16,-0.3
2025-03-27 16:39:30.067,0.94,0.04,-0.16,-0.3
2025-03-27 16:39:30.083,0.94,0.04,-0.16,-0.3
2025-03-27 16:39:30.084,0.94,0.04,-0.16,-0.3
2025-03-27 16:39:30.100,0.94,0.04,-0.16,-0.3
2025-03-27 16:39:30.100,0.94,0.04,-0.16,-0.3
2025-03-27 16:39:30.117,0.94,0.05,-0.16,-0.3
2025-03-27 16:39:30.133,0.94,0.05,-0.16,-0.3
2025-03-27 16:39:30.134,0.94,0.05,-0.16,-0.3
2025-03-27 16:39:30.150,0.94,0.05,-0.16,-0.3
2025-03-27 16:39:30.150,0.94,0.06,-0.16,-0.3
2025-03-27 16:39:30.167,0.94,0.06,-0.16,-0.3
2025-03-27 16:39:30.183,0.94,0.06,-0.16,-0.3
2025-03-27 16:39:30.184,0.94,0.06,-0.15,-0.3
2025-03-27 16:39:30.200,0.94,0.06,-0.15,-0.3
2025-03-27 16:39:30.200,0.94,0.06,-0.15,-0.3
2025-03-27 16:39:30.217,0.94,0.07,-0.15,-0.3
2025-03-27 16:39:30.233,0.94,0.07,-0.15,-0.3
2025-03-27 16:39:30.234,0.94,0.07,-0.15,-0.3
2025-03-27 16:39:30.250,0.94,0.07,-0.15,-0.3
2025-03-27 16:39:30.250,0.94,0.07,-0.15,-0.3
2025-03-27 16:39:30.267,0.94,0.08,-0.15,-0.3
2025-03-27 16:39:30.283,0.94,0.08,-0.15,-0.3
2025-03-27 16:39:30.284,0.94,0.08,-0.15,-0.3
2025-03-27 16:39:30.300,0.94,0.08,-0.15,-0.3
2025-03-27 16:39:30.300,0.94,0.08,-0.15,-0.3
2025-03-27 16:39:30.316,0.94,0.08,-0.15,-0.3
2025-03-27 16:39:30.333,0.94,0.08,-0.15,-0.3
2025-03-27 16:39:30.333,0.94,0.08,-0.15,-0.3
2025-03-27 16:39:30.350,0.94,0.09,-0.15,-0.3
2025-03-27 16:39:30.350,0.94,0.09,-0.15,-0.3
2025-03-27 16:39:30.366,0.94,0.09,-0.15,-0.3
2025-03-27 16:39:30.383,0.94,0.09,-0.15,-0.29
2025-03-27 16:39:30.383,0.94,0.09,-0.15,-0.29
2025-03-27 16:39:30.400,0.94,0.09,-0.15,-0.3
2025-03-27 16:39:30.400,0.94,0.09,-0.15,-0.3
2025-03-27 16:39:30.416,0.94,0.09,-0.15,-0.3
2025-03-27 16:39:30.433,0.94,0.09,-0.15,-0.3
2025-03-27 16:39:30.433,0.94,0.09,-0.15,-0.3
2025-03-27 16:39:30.450,0.94,0.09,-0.15,-0.3
2025-03-27 16:39:30.450,0.94,0.09,-0.15,-0.3
2025-03-27 16:39:30.466,0.94,0.09,-0.15,-0.3
2025-03-27 16:39:30.483,0.94,0.09,-0.15,-0.3
2025-03-27 16:39:30.483,0.94,0.09,-0.15,-0.3
2025-03-27 16:39:30.500,0.94,0.1,-0.15,-0.3
2025-03-27 16:39:30.500,0.94,0.1,-0.15,-0.3
2025-03-27 16:39:30.516,0.94,0.1,-0.15,-0.3
2025-03-27 16:39:30.533,0.94,0.1,-0.15,-0.3
2025-03-27 16:39:30.533,0.94,0.1,-0.15,-0.3
2025-03-27 16:39:30.550,0.94,0.1,-0.15,-0.3
2025-03-27 16:39:30.550,0.94,0.1,-0.15,-0.3
2025-03-27 16:39:30.566,0.94,0.1,-0.15,-0.3
2025-03-27 16:39:30.583,0.94,0.1,-0.15,-0.3
2025-03-27 16:39:30.583,0.94,0.1,-0.15,-0.3
2025-03-27 16:39:30.600,0.94,0.1,-0.15,-0.3
2025-03-27 16:39:30.600,0.94,0.1,-0.15,-0.3
2025-03-27 16:39:30.616,0.94,0.1,-0.15,-0.3
2025-03-27 16:39:30.633,0.94,0.1,-0.15,-0.3
2025-03-27 16:39:30.633,0.94,0.1,-0.15,-0.3
2025-03-27 16:39:30.650,0.94,0.1,-0.15,-0.3
2025-03-27 16:39:30.650,0.94,0.1,-0.15,-0.3
2025-03-27 16:39:30.667,0.94,0.1,-0.15,-0.3
2025-03-27 16:39:30.683,0.94,0.1,-0.14,-0.3
2025-03-27 16:39:30.683,0.94,0.1,-0.14,-0.3
2025-03-27 16:39:30.700,0.94,0.1,-0.14,-0.3
2025-03-27 16:39:30.700,0.94,0.1,-0.14,-0.3
2025-03-27 16:39:30.716,0.94,0.1,-0.14,-0.3
2025-03-27 16:39:30.733,0.94,0.1,-0.14,-0.3
2025-03-27 16:39:30.733,0.94,0.1,-0.14,-0.3
2025-03-27 16:39:30.750,0.94,0.1,-0.14,-0.3
2025-03-27 16:39:30.750,0.94,0.1,-0.14,-0.3
2025-03-27 16:39:30.766,0.94,0.1,-0.14,-0.3
2025-03-27 16:39:30.783,0.94,0.1,-0.14,-0.3
2025-03-27 16:39:30.783,0.94,0.1,-0.14,-0.3
2025-03-27 16:39:30.800,0.94,0.1,-0.14,-0.3
2025-03-27 16:39:30.800,0.94,0.1,-0.14,-0.3
2025-03-27 16:39:30.817,0.94,0.1,-0.14,-0.3
2025-03-27 16:39:30.833,0.94,0.1,-0.14,-0.3
2025-03-27 16:39:30.833,0.94,0.1,-0.14,-0.3
2025-03-27 16:39:30.850,0.94,0.1,-0.14,-0.3
2025-03-27 16:39:30.850,0.94,0.1,-0.14,-0.3
2025-03-27 16:39:30.867,0.94,0.1,-0.14,-0.3
2025-03-27 16:39:30.883,0.94,0.1,-0.14,-0.3
2025-03-27 16:39:30.883,0.94,0.1,-0.14,-0.3
2025-03-27 16:39:30.900,0.94,0.1,-0.14,-0.3
2025-03-27 16:39:30.900,0.94,0.1,-0.14,-0.3
2025-03-27 16:39:30.917,0.94,0.1,-0.14,-0.3
2025-03-27 16:39:30.933,0.94,0.1,-0.14,-0.3
2025-03-27 16:39:30.933,0.94,0.1,-0.14,-0.3
2025-03-27 16:39:30.950,0.94,0.1,-0.14,-0.3
2025-03-27 16:39:30.950,0.94,0.1,-0.14,-0.3
2025-03-27 16:39:30.967,0.94,0.1,-0.14,-0.3
2025-03-27 16:39:30.983,0.94,0.1,-0.14,-0.3
2025-03-27 16:39:30.983,0.94,0.1,-0.14,-0.3
2025-03-27 16:39:31.000,0.94,0.1,-0.14,-0.3
2025-03-27 16:39:31.000,0.94,0.1,-0.14,-0.3
2025-03-27 16:39:31.017,0.94,0.1,-0.14,-0.3
2025-03-27 16:39:31.033,0.94,0.1,-0.14,-0.3
2025-03-27 16:39:31.033,0.94,0.1,-0.14,-0.3
2025-03-27 16:39:31.050,0.94,0.1,-0.14,-0.3
2025-03-27 16:39:31.050,0.94,0.1,-0.14,-0.3
2025-03-27 16:39:31.067,0.94,0.1,-0.14,-0.3
2025-03-27 16:39:31.083,0.94,0.1,-0.14,-0.3
2025-03-27 16:39:31.083,0.94,0.1,-0.14,-0.3
2025-03-27 16:39:31.100,0.94,0.1,-0.14,-0.3
2025-03-27 16:39:31.100,0.94,0.1,-0.14,-0.3
2025-03-27 16:39:31.117,0.94,0.1,-0.14,-0.3
2025-03-27 16:39:31.133,0.94,0.1,-0.14,-0.3
2025-03-27 16:39:31.133,0.94,0.1,-0.14,-0.3
2025-03-27 16:39:31.150,0.94,0.1,-0.14,-0.3
2025-03-27 16:39:31.150,0.94,0.1,-0.14,-0.3
2025-03-27 16:39:31.167,0.94,0.1,-0.14,-0.3
2025-03-27 16:39:31.183,0.94,0.1,-0.14,-0.3
2025-03-27 16:39:31.183,0.94,0.1,-0.14,-0.3
2025-03-27 16:39:31.200,0.94,0.1,-0.15,-0.3
2025-03-27 16:39:31.200,0.94,0.1,-0.15,-0.3
2025-03-27 16:39:31.217,0.94,0.1,-0.15,-0.3
2025-03-27 16:39:31.233,0.94,0.1,-0.15,-0.3
2025-03-27 16:39:31.234,0.94,0.1,-0.15,-0.3
2025-03-27 16:39:31.250,0.94,0.1,-0.15,-0.3
2025-03-27 16:39:31.250,0.94,0.1,-0.15,-0.3
2025-03-27 16:39:31.267,0.94,0.1,-0.15,-0.3
2025-03-27 16:39:31.283,0.94,0.1,-0.15,-0.3
2025-03-27 16:39:31.283,0.94,0.1,-0.15,-0.3
2025-03-27 16:39:31.300,0.94,0.1,-0.15,-0.3
2025-03-27 16:39:31.300,0.94,0.1,-0.15,-0.3
2025-03-27 16:39:31.317,0.94,0.1,-0.15,-0.3
2025-03-27 16:39:31.333,0.94,0.1,-0.15,-0.3
2025-03-27 16:39:31.334,0.94,0.1,-0.15,-0.3
2025-03-27 16:39:31.350,0.94,0.1,-0.15,-0.3
2025-03-27 16:39:31.350,0.94,0.1,-0.14,-0.3
2025-03-27 16:39:31.367,0.94,0.1,-0.14,-0.3
2025-03-27 16:39:31.383,0.94,0.1,-0.14,-0.3
2025-03-27 16:39:31.384,0.94,0.1,-0.15,-0.3
2025-03-27 16:39:31.400,0.94,0.1,-0.15,-0.3
2025-03-27 16:39:31.400,0.94,0.1,-0.15,-0.3
2025-03-27 16:39:31.417,0.94,0.1,-0.15,-0.3
2025-03-27 16:39:31.433,0.94,0.1,-0.15,-0.3
2025-03-27 16:39:31.434,0.94,0.1,-0.15,-0.3
2025-03-27 16:39:31.450,0.94,0.1,-0.15,-0.3
2025-03-27 16:39:31.450,0.94,0.1,-0.15,-0.3
2025-03-27 16:39:31.467,0.94,0.1,-0.15,-0.3
2025-03-27 16:39:31.483,0.94,0.1,-0.15,-0.3
2025-03-27 16:39:31.484,0.94,0.1,-0.15,-0.3
2025-03-27 16:39:31.500,0.94,0.1,-0.15,-0.3
2025-03-27 16:39:31.500,0.94,0.1,-0.15,-0.3
2025-03-27 16:39:31.517,0.94,0.1,-0.15,-0.3
2025-03-27 16:39:31.533,0.94,0.1,-0.15,-0.3
2025-03-27 16:39:31.534,0.94,0.1,-0.15,-0.3
2025-03-27 16:39:31.550,0.94,0.1,-0.15,-0.31
2025-03-27 16:39:31.550,0.94,0.1,-0.15,-0.31
2025-03-27 16:39:31.567,0.94,0.1,-0.15,-0.31
2025-03-27 16:39:31.583,0.94,0.1,-0.15,-0.31
2025-03-27 16:39:31.584,0.94,0.1,-0.15,-0.31
2025-03-27 16:39:31.600,0.94,0.1,-0.15,-0.31
2025-03-27 16:39:31.600,0.94,0.1,-0.15,-0.31
2025-03-27 16:39:31.617,0.94,0.1,-0.15,-0.31
2025-03-27 16:39:31.633,0.94,0.1,-0.15,-0.31
2025-03-27 16:39:31.634,0.94,0.1,-0.15,-0.31
2025-03-27 16:39:31.650,0.93,0.1,-0.15,-0.31
2025-03-27 16:39:31.650,0.93,0.1,-0.15,-0.31
2025-03-27 16:39:31.666,0.93,0.1,-0.15,-0.31
2025-03-27 16:39:31.683,0.93,0.1,-0.15,-0.31
2025-03-27 16:39:31.683,0.93,0.1,-0.15,-0.31
2025-03-27 16:39:31.700,0.93,0.1,-0.15,-0.31
2025-03-27 16:39:31.717,0.93,0.1,-0.15,-0.31
2025-03-27 16:39:31.717,0.93,0.11,-0.15,-0.31
2025-03-27 16:39:31.733,0.93,0.11,-0.15,-0.31
2025-03-27 16:39:31.734,0.93,0.11,-0.15,-0.31
2025-03-27 16:39:31.750,0.93,0.11,-0.15,-0.31
2025-03-27 16:39:31.750,0.93,0.11,-0.15,-0.31
2025-03-27 16:39:31.767,0.93,0.11,-0.15,-0.31
2025-03-27 16:39:31.783,0.93,0.11,-0.15,-0.31
2025-03-27 16:39:31.784,0.93,0.11,-0.15,-0.31
2025-03-27 16:39:31.800,0.93,0.11,-0.15,-0.31
2025-03-27 16:39:31.816,0.93,0.11,-0.15,-0.31
2025-03-27 16:39:31.816,0.93,0.11,-0.15,-0.31
2025-03-27 16:39:31.833,0.93,0.11,-0.15,-0.31
2025-03-27 16:39:31.833,0.93,0.11,-0.15,-0.31
2025-03-27 16:39:31.849,0.93,0.11,-0.15,-0.31
2025-03-27 16:39:31.866,0.93,0.11,-0.15,-0.31
2025-03-27 16:39:31.866,0.93,0.11,-0.15,-0.31
2025-03-27 16:39:31.883,0.93,0.11,-0.15,-0.31
2025-03-27 16:39:31.883,0.93,0.11,-0.15,-0.31
2025-03-27 16:39:31.899,0.93,0.11,-0.14,-0.31
2025-03-27 16:39:31.900,0.93,0.11,-0.14,-0.31
2025-03-27 16:39:31.916,0.93,0.11,-0.14,-0.31
2025-03-27 16:39:31.933,0.93,0.11,-0.14,-0.31
2025-03-27 16:39:31.933,0.93,0.11,-0.14,-0.31
2025-03-27 16:39:31.950,0.93,0.11,-0.14,-0.31
2025-03-27 16:39:31.967,0.93,0.11,-0.14,-0.31
2025-03-27 16:39:31.967,0.93,0.11,-0.14,-0.31
2025-03-27 16:39:31.983,0.93,0.11,-0.14,-0.31
2025-03-27 16:39:31.984,0.93,0.11,-0.14,-0.31
2025-03-27 16:39:32.000,0.93,0.11,-0.14,-0.31
2025-03-27 16:39:32.017,0.93,0.11,-0.14,-0.31
2025-03-27 16:39:32.017,0.93,0.11,-0.14,-0.31
2025-03-27 16:39:32.033,0.93,0.11,-0.14,-0.31
2025-03-27 16:39:32.033,0.93,0.11,-0.14,-0.31
2025-03-27 16:39:32.050,0.93,0.11,-0.14,-0.31
2025-03-27 16:39:32.067,0.93,0.11,-0.14,-0.31
2025-03-27 16:39:32.067,0.93,0.11,-0.14,-0.31
2025-03-27 16:39:32.083,0.93,0.11,-0.14,-0.31
2025-03-27 16:39:32.083,0.93,0.11,-0.14,-0.31
2025-03-27 16:39:32.100,0.93,0.11,-0.14,-0.31
2025-03-27 16:39:32.117,0.93,0.11,-0.14,-0.31
2025-03-27 16:39:32.117,0.93,0.11,-0.14,-0.31
2025-03-27 16:39:32.133,0.93,0.11,-0.14,-0.31
2025-03-27 16:39:32.133,0.93,0.11,-0.14,-0.31
2025-03-27 16:39:32.150,0.93,0.11,-0.14,-0.31
2025-03-27 16:39:32.167,0.93,0.11,-0.14,-0.31
2025-03-27 16:39:32.167,0.93,0.11,-0.14,-0.31
2025-03-27 16:39:32.183,0.93,0.11,-0.14,-0.31
2025-03-27 16:39:32.183,0.93,0.11,-0.14,-0.31
2025-03-27 16:39:32.200,0.93,0.11,-0.14,-0.31
2025-03-27 16:39:32.217,0.93,0.11,-0.14,-0.31
2025-03-27 16:39:32.217,0.93,0.11,-0.14,-0.31
2025-03-27 16:39:32.233,0.93,0.11,-0.14,-0.31
2025-03-27 16:39:32.233,0.93,0.11,-0.14,-0.31
2025-03-27 16:39:32.250,0.93,0.11,-0.15,-0.31
2025-03-27 16:39:32.266,0.93,0.11,-0.15,-0.31
2025-03-27 16:39:32.266,0.93,0.11,-0.15,-0.31
2025-03-27 16:39:32.283,0.93,0.11,-0.15,-0.31
2025-03-27 16:39:32.283,0.93,0.11,-0.15,-0.31
2025-03-27 16:39:32.299,0.93,0.11,-0.15,-0.31
2025-03-27 16:39:32.316,0.93,0.11,-0.16,-0.31
2025-03-27 16:39:32.317,0.93,0.11,-0.16,-0.31
2025-03-27 16:39:32.333,0.93,0.11,-0.16,-0.31
2025-03-27 16:39:32.334,0.93,0.1,-0.16,-0.31
2025-03-27 16:39:32.350,0.93,0.1,-0.16,-0.31
2025-03-27 16:39:32.351,0.93,0.1,-0.16,-0.31
2025-03-27 16:39:32.367,0.93,0.1,-0.16,-0.31
2025-03-27 16:39:32.383,0.93,0.1,-0.16,-0.31
2025-03-27 16:39:32.384,0.93,0.1,-0.17,-0.31
2025-03-27 16:39:32.400,0.93,0.1,-0.17,-0.31
2025-03-27 16:39:32.417,0.93,0.1,-0.17,-0.31
2025-03-27 16:39:32.417,0.93,0.1,-0.17,-0.3
2025-03-27 16:39:32.433,0.93,0.1,-0.17,-0.3
2025-03-27 16:39:32.434,0.93,0.1,-0.17,-0.3
2025-03-27 16:39:32.450,0.93,0.1,-0.17,-0.3
2025-03-27 16:39:32.467,0.93,0.1,-0.18,-0.3
2025-03-27 16:39:32.467,0.93,0.1,-0.18,-0.3
2025-03-27 16:39:32.483,0.93,0.1,-0.19,-0.3
2025-03-27 16:39:32.484,0.93,0.09,-0.19,-0.3
2025-03-27 16:39:32.500,0.93,0.09,-0.19,-0.3
2025-03-27 16:39:32.517,0.93,0.09,-0.19,-0.29
2025-03-27 16:39:32.517,0.93,0.09,-0.19,-0.29
2025-03-27 16:39:32.533,0.93,0.09,-0.19,-0.29
2025-03-27 16:39:32.533,0.93,0.09,-0.2,-0.29
2025-03-27 16:39:32.550,0.93,0.09,-0.2,-0.29
2025-03-27 16:39:32.567,0.93,0.08,-0.2,-0.29
2025-03-27 16:39:32.567,0.93,0.09,-0.2,-0.29
2025-03-27 16:39:32.583,0.94,0.09,-0.19,-0.28
2025-03-27 16:39:32.583,0.94,0.09,-0.18,-0.28
2025-03-27 16:39:32.599,0.94,0.1,-0.16,-0.27
2025-03-27 16:39:32.616,0.95,0.1,-0.15,-0.27
2025-03-27 16:39:32.616,0.95,0.11,-0.13,-0.26
2025-03-27 16:39:32.633,0.95,0.11,-0.12,-0.26
2025-03-27 16:39:32.633,0.95,0.11,-0.1,-0.26
2025-03-27 16:39:32.649,0.96,0.1,-0.09,-0.25
2025-03-27 16:39:32.666,0.96,0.1,-0.08,-0.25
2025-03-27 16:39:32.666,0.96,0.1,-0.08,-0.25
2025-03-27 16:39:32.683,0.96,0.09,-0.07,-0.24
2025-03-27 16:39:32.683,0.96,0.1,-0.06,-0.24
2025-03-27 16:39:32.699,0.97,0.1,-0.06,-0.23
2025-03-27 16:39:32.716,0.97,0.1,-0.05,-0.23
2025-03-27 16:39:32.716,0.97,0.11,-0.05,-0.22
2025-03-27 16:39:32.733,0.97,0.1,-0.05,-0.22
2025-03-27 16:39:32.733,0.97,0.1,-0.05,-0.21
2025-03-27 16:39:32.749,0.97,0.08,-0.05,-0.21
2025-03-27 16:39:32.766,0.97,0.07,-0.05,-0.21
2025-03-27 16:39:32.766,0.98,0.05,-0.04,-0.2
2025-03-27 16:39:32.783,0.98,0.03,-0.04,-0.19
2025-03-27 16:39:32.783,0.98,0.01,-0.03,-0.18
2025-03-27 16:39:32.799,0.99,-0.01,-0.03,-0.16
2025-03-27 16:39:32.816,0.99,-0.03,-0.02,-0.14
2025-03-27 16:39:32.816,0.99,-0.06,-0.02,-0.12
2025-03-27 16:39:32.833,0.99,-0.08,-0.02,-0.1
2025-03-27 16:39:32.833,0.99,-0.09,-0.03,-0.07
2025-03-27 16:39:32.850,0.99,-0.09,-0.04,-0.04
2025-03-27 16:39:32.866,1.0,-0.09,-0.05,-0.01
2025-03-27 16:39:32.866,1.0,-0.08,-0.05,0.01
2025-03-27 16:39:32.883,1.0,-0.08,-0.04,0.03
2025-03-27 16:39:32.883,1.0,-0.08,-0.04,0.04
2025-03-27 16:39:32.900,0.99,-0.08,-0.03,0.05
2025-03-27 16:39:32.916,0.99,-0.09,-0.05,0.06
2025-03-27 16:39:32.916,0.99,-0.09,-0.07,0.07
2025-03-27 16:39:32.933,0.99,-0.09,-0.09,0.08
2025-03-27 16:39:32.933,0.99,-0.09,-0.11,0.08
2025-03-27 16:39:32.950,0.98,-0.09,-0.13,0.09
2025-03-27 16:39:32.967,0.98,-0.08,-0.15,0.1
2025-03-27 16:39:32.967,0.98,-0.08,-0.17,0.11
2025-03-27 16:39:32.984,0.98,-0.08,-0.18,0.11
2025-03-27 16:39:32.984,0.97,-0.07,-0.18,0.12
2025-03-27 16:39:33.000,0.97,-0.07,-0.18,0.13
2025-03-27 16:39:33.016,0.97,-0.06,-0.18,0.13
2025-03-27 16:39:33.016,0.97,-0.05,-0.18,0.14
2025-03-27 16:39:33.033,0.97,-0.05,-0.17,0.14
2025-03-27 16:39:33.033,0.98,-0.05,-0.16,0.13
2025-03-27 16:39:33.050,0.98,-0.05,-0.15,0.13
2025-03-27 16:39:33.066,0.98,-0.05,-0.15,0.13
2025-03-27 16:39:33.066,0.98,-0.04,-0.14,0.13
2025-03-27 16:39:33.083,0.98,-0.04,-0.13,0.13
2025-03-27 16:39:33.083,0.98,-0.03,-0.13,0.13
2025-03-27 16:39:33.100,0.98,-0.02,-0.13,0.14
2025-03-27 16:39:33.117,0.98,-0.01,-0.14,0.14
2025-03-27 16:39:33.117,0.98,0.01,-0.15,0.15
2025-03-27 16:39:33.133,0.97,0.04,-0.16,0.16
2025-03-27 16:39:33.134,0.97,0.06,-0.16,0.16
2025-03-27 16:39:33.150,0.97,0.06,-0.15,0.16
2025-03-27 16:39:33.166,0.97,0.05,-0.15,0.16
2025-03-27 16:39:33.166,0.97,0.04,-0.16,0.16
2025-03-27 16:39:33.183,0.97,0.03,-0.16,0.16
2025-03-27 16:39:33.183,0.98,0.02,-0.15,0.16
2025-03-27 16:39:33.200,0.98,0.01,-0.14,0.15
2025-03-27 16:39:33.216,0.98,-0.0,-0.13,0.15
2025-03-27 16:39:33.217,0.98,-0.02,-0.12,0.15
2025-03-27 16:39:33.233,0.98,-0.02,-0.11,0.15
2025-03-27 16:39:33.233,0.98,-0.01,-0.1,0.16
2025-03-27 16:39:33.250,0.98,-0.01,-0.08,0.16
2025-03-27 16:39:33.267,0.98,0.0,-0.06,0.16
2025-03-27 16:39:33.267,0.99,0.01,-0.05,0.16
2025-03-27 16:39:33.283,0.99,0.01,-0.03,0.16
2025-03-27 16:39:33.284,0.99,0.01,-0.03,0.16
2025-03-27 16:39:33.300,0.99,0.01,-0.03,0.16
2025-03-27 16:39:33.317,0.99,0.01,-0.03,0.16
2025-03-27 16:39:33.317,0.99,0.01,-0.03,0.16
2025-03-27 16:39:33.333,0.99,0.01,-0.03,0.16
2025-03-27 16:39:33.334,0.99,0.02,-0.03,0.17
2025-03-27 16:39:33.349,0.99,0.02,-0.03,0.16
2025-03-27 16:39:33.366,0.99,0.02,-0.03,0.16
2025-03-27 16:39:33.366,0.99,0.02,-0.03,0.16
2025-03-27 16:39:33.383,0.99,0.02,-0.03,0.16
2025-03-27 16:39:33.383,0.99,0.02,-0.03,0.16
2025-03-27 16:39:33.400,0.99,0.02,-0.03,0.16
2025-03-27 16:39:33.417,0.99,0.02,-0.03,0.16
2025-03-27 16:39:33.417,0.99,0.02,-0.03,0.16
2025-03-27 16:39:33.433,0.99,0.02,-0.03,0.16
2025-03-27 16:39:33.434,0.99,0.02,-0.03,0.16
2025-03-27 16:39:33.450,0.99,0.02,-0.03,0.16
2025-03-27 16:39:33.467,0.99,0.02,-0.03,0.16
2025-03-27 16:39:33.467,0.99,0.02,-0.03,0.16
2025-03-27 16:39:33.483,0.99,0.02,-0.03,0.16
2025-03-27 16:39:33.484,0.99,0.02,-0.03,0.16
2025-03-27 16:39:33.500,0.99,0.02,-0.03,0.17
2025-03-27 16:39:33.517,0.99,0.02,-0.03,0.17
2025-03-27 16:39:33.517,0.99,0.02,-0.03,0.17
2025-03-27 16:39:33.533,0.99,0.02,-0.03,0.17
2025-03-27 16:39:33.534,0.99,0.02,-0.03,0.17
2025-03-27 16:39:33.550,0.99,0.02,-0.03,0.17
2025-03-27 16:39:33.567,0.99,0.02,-0.03,0.17
2025-03-27 16:39:33.567,0.99,0.02,-0.03,0.17
2025-03-27 16:39:33.583,0.99,0.02,-0.03,0.17
2025-03-27 16:39:33.584,0.99,0.02,-0.03,0.17
2025-03-27 16:39:33.600,0.99,0.02,-0.03,0.17
2025-03-27 16:39:33.617,0.99,0.02,-0.03,0.17
2025-03-27 16:39:33.617,0.99,0.02,-0.03,0.17
2025-03-27 16:39:33.633,0.99,0.02,-0.03,0.17
2025-03-27 16:39:33.634,0.99,0.02,-0.03,0.17
2025-03-27 16:39:33.650,0.99,0.02,-0.03,0.17
2025-03-27 16:39:33.667,0.99,0.02,-0.03,0.17
2025-03-27 16:39:33.667,0.99,0.02,-0.03,0.17
2025-03-27 16:39:33.684,0.99,0.03,-0.03,0.17
2025-03-27 16:39:33.684,0.99,0.03,-0.03,0.17
2025-03-27 16:39:33.700,0.99,0.03,-0.03,0.17
2025-03-27 16:39:33.717,0.99,0.03,-0.03,0.17
2025-03-27 16:39:33.717,0.99,0.03,-0.03,0.17
2025-03-27 16:39:33.734,0.99,0.03,-0.03,0.17
2025-03-27 16:39:33.734,0.99,0.03,-0.03,0.17
2025-03-27 16:39:33.750,0.99,0.03,-0.03,0.17
2025-03-27 16:39:33.767,0.99,0.03,-0.03,0.17
2025-03-27 16:39:33.767,0.99,0.03,-0.03,0.17
2025-03-27 16:39:33.783,0.99,0.03,-0.03,0.17
2025-03-27 16:39:33.784,0.99,0.03,-0.03,0.17
2025-03-27 16:39:33.800,0.99,0.03,-0.03,0.17
2025-03-27 16:39:33.817,0.99,0.03,-0.03,0.17
2025-03-27 16:39:33.817,0.99,0.03,-0.03,0.17
2025-03-27 16:39:33.833,0.99,0.03,-0.03,0.17
2025-03-27 16:39:33.834,0.99,0.03,-0.03,0.17
2025-03-27 16:39:33.849,0.99,0.03,-0.03,0.17
2025-03-27 16:39:33.866,0.99,0.03,-0.03,0.17
2025-03-27 16:39:33.866,0.99,0.03,-0.03,0.17
2025-03-27 16:39:33.883,0.99,0.03,-0.03,0.17
2025-03-27 16:39:33.883,0.99,0.03,-0.03,0.17
2025-03-27 16:39:33.899,0.99,0.03,-0.03,0.17
2025-03-27 16:39:33.916,0.99,0.03,-0.03,0.17
2025-03-27 16:39:33.916,0.99,0.03,-0.03,0.17
2025-03-27 16:39:33.933,0.99,0.03,-0.03,0.17
2025-03-27 16:39:33.933,0.99,0.03,-0.03,0.17
2025-03-27 16:39:33.949,0.99,0.03,-0.03,0.17
2025-03-27 16:39:33.966,0.99,0.03,-0.03,0.17
2025-03-27 16:39:33.966,0.99,0.03,-0.03,0.17
2025-03-27 16:39:33.983,0.99,0.03,-0.03,0.17
2025-03-27 16:39:33.983,0.99,0.03,-0.03,0.17
2025-03-27 16:39:33.999,0.99,0.03,-0.03,0.17
2025-03-27 16:39:34.016,0.99,0.03,-0.03,0.17
2025-03-27 16:39:34.016,0.99,0.03,-0.03,0.17
2025-03-27 16:39:34.033,0.99,0.03,-0.03,0.17
2025-03-27 16:39:34.033,0.99,0.03,-0.03,0.17
2025-03-27 16:39:34.049,0.99,0.03,-0.03,0.17
2025-03-27 16:39:34.066,0.99,0.03,-0.03,0.17
2025-03-27 16:39:34.066,0.99,0.03,-0.03,0.17
2025-03-27 16:39:34.083,0.99,0.03,-0.03,0.17
2025-03-27 16:39:34.083,0.99,0.03,-0.03,0.17
2025-03-27 16:39:34.099,0.99,0.03,-0.03,0.17
2025-03-27 16:39:34.116,0.99,0.03,-0.03,0.17
2025-03-27 16:39:34.116,0.99,0.03,-0.03,0.17
2025-03-27 16:39:34.133,0.99,0.03,-0.03,0.17
2025-03-27 16:39:34.133,0.99,0.03,-0.03,0.17
2025-03-27 16:39:34.149,0.99,0.03,-0.03,0.17
2025-03-27 16:39:34.166,0.99,0.03,-0.03,0.17
2025-03-27 16:39:34.166,0.99,0.03,-0.03,0.17
2025-03-27 16:39:34.183,0.99,0.04,-0.03,0.17
2025-03-27 16:39:34.183,0.99,0.04,-0.03,0.17
2025-03-27 16:39:34.199,0.99,0.04,-0.03,0.17
2025-03-27 16:39:34.216,0.99,0.04,-0.03,0.17
2025-03-27 16:39:34.216,0.99,0.04,-0.03,0.17
2025-03-27 16:39:34.233,0.99,0.04,-0.03,0.17
2025-03-27 16:39:34.233,0.99,0.04,-0.03,0.17
2025-03-27 16:39:34.249,0.99,0.04,-0.03,0.17
2025-03-27 16:39:34.266,0.99,0.04,-0.03,0.17
2025-03-27 16:39:34.266,0.98,0.04,-0.03,0.17
2025-03-27 16:39:34.283,0.98,0.04,-0.03,0.17
2025-03-27 16:39:34.283,0.98,0.04,-0.03,0.17
2025-03-27 16:39:34.299,0.98,0.04,-0.03,0.17
2025-03-27 16:39:34.316,0.98,0.04,-0.03,0.17
2025-03-27 16:39:34.316,0.98,0.04,-0.03,0.17
2025-03-27 16:39:34.333,0.98,0.04,-0.03,0.17
2025-03-27 16:39:34.333,0.98,0.04,-0.03,0.17
2025-03-27 16:39:34.349,0.98,0.04,-0.03,0.17
2025-03-27 16:39:34.367,0.98,0.04,-0.03,0.17
2025-03-27 16:39:34.367,0.98,0.04,-0.03,0.17
2025-03-27 16:39:34.383,0.98,0.04,-0.03,0.17
2025-03-27 16:39:34.384,0.98,0.04,-0.03,0.17
2025-03-27 16:39:34.400,0.98,0.04,-0.03,0.17
2025-03-27 16:39:34.417,0.98,0.04,-0.02,0.17
2025-03-27 16:39:34.417,0.98,0.04,-0.02,0.17
2025-03-27 16:39:34.433,0.98,0.04,-0.02,0.17
2025-03-27 16:39:34.434,0.98,0.04,-0.02,0.17
2025-03-27 16:39:34.450,0.98,0.04,-0.02,0.17
2025-03-27 16:39:34.467,0.98,0.04,-0.02,0.17
2025-03-27 16:39:34.467,0.98,0.04,-0.02,0.17
2025-03-27 16:39:34.483,0.98,0.04,-0.02,0.17
2025-03-27 16:39:34.483,0.98,0.04,-0.02,0.17
2025-03-27 16:39:34.500,0.98,0.04,-0.02,0.17
2025-03-27 16:39:34.517,0.98,0.04,-0.02,0.17
