t,w,x,y,z
21:24:59.293350,1,0.04,0.01,0.04
21:24:59.309439,1,0.04,0.01,0.041
21:24:59.325855,1,0.03,0,0.041
21:24:59.342277,1,0.03,0,0.04
21:24:59.358969,1,0.03,0,0.041
21:24:59.375785,1,0.03,0,0.041
21:24:59.392211,1,0.03,0,0.04
21:24:59.409044,1,0.03,0,0.041
21:24:59.426014,1,0.03,0,0.041
21:24:59.442755,1,0.03,0,0.04
21:24:59.459887,1,0.03,0,0.041
21:24:59.476554,1,0.03,0,0.041
21:24:59.492813,1,0.03,0.01,0.04
21:24:59.509182,1,0.03,0.01,0.041
21:24:59.525695,1,0.03,0.01,0.041
21:24:59.542793,1,0.03,0.01,0.04
21:24:59.559137,1,0.03,0.01,0.041
21:24:59.575678,1,0.03,0.01,0.041
21:24:59.593041,1,0.03,0.01,0.04
21:24:59.608902,1,0.03,0.01,0.041
21:24:59.625641,1,0.03,0,0.031
21:24:59.642208,1,0.03,0,0.02
21:24:59.659183,1,0.03,0.01,0.021
21:24:59.675697,1,0.03,0,0.021
21:24:59.692798,1,0.03,0,0.02
21:24:59.708992,1,0.03,0,0.021
21:24:59.725646,1,0.03,0,0.021
21:24:59.742168,1,0.03,0,0.02
21:24:59.758899,1,0.03,0,0.021
21:24:59.775475,1,0.03,0,0.021
21:24:59.792159,1,0.03,0,0.02
21:24:59.808815,1,0.03,0,0.021
21:24:59.825483,1,0.03,0,0.021
21:24:59.842150,1,0.03,0,0.02
21:24:59.858812,1,0.03,0,0.021
21:24:59.875416,1,0.03,0,0.021
21:24:59.893457,1,0.03,0,0.02
21:24:59.909132,1,0.03,0,0.021
21:24:59.925558,1,0.03,0,0.021
21:24:59.942191,1,0.03,0,0.02
21:24:59.958860,1,0.03,0,0.021
21:24:59.975481,1,0.03,0,0.021
21:24:59.992151,1,0.03,0,0.02
21:25:00.008776,1,0.03,0,0.021
21:25:00.026114,1,0.03,0,0.021
21:25:00.042726,1,0.03,0,0.02
21:25:00.058957,1,0.03,0,0.021
21:25:00.075448,1,0.03,0,0.021
21:25:00.092108,1,0.03,0,0.02
21:25:00.109254,1,0.03,0,0.021
21:25:00.125637,1,0.03,0,0.031
21:25:00.142325,1,0.02,0,0.05
21:25:00.159103,1,0.02,-0,0.061
21:25:00.175581,1,0.02,0,0.081
21:25:00.192118,1,0.02,0,0.09
21:25:00.208826,0.99,0.02,0,0.1
21:25:00.225932,0.99,0.02,-0,0.11
21:25:00.242670,0.99,0.02,-0,0.13
21:25:00.258995,0.99,0.02,-0,0.14
21:25:00.275664,0.99,0.02,-0,0.16
21:25:00.292617,0.98,0.02,-0,0.18
21:25:00.309321,0.98,0.02,-0,0.19
21:25:00.325702,0.98,0.01,-0,0.21
21:25:00.342333,0.97,0.01,-0,0.23
21:25:00.359187,0.97,0.01,-0,0.24
21:25:00.375616,0.97,0.01,-0,0.26
21:25:00.392147,0.96,0.01,-0,0.26
21:25:00.408860,0.96,0.01,-0,0.28
21:25:00.425454,0.96,0.01,-0,0.29
21:25:00.442138,0.95,0.01,-0,0.31
21:25:00.458800,0.95,0,-0,0.32
21:25:00.475372,0.94,0,-0,0.33
21:25:00.492126,0.94,0,-0,0.35
21:25:00.509351,0.93,0,-0,0.36
21:25:00.525792,0.93,0,0,0.38
21:25:00.542804,0.92,-0,0,0.39
21:25:00.559335,0.92,-0,0.01,0.4
21:25:00.575942,0.91,-0,0.01,0.41
21:25:00.592717,0.91,-0,0.01,0.42
21:25:00.609716,0.9,-0,0.01,0.43
21:25:00.625549,0.9,-0.01,0.01,0.44
21:25:00.642477,0.9,-0.01,0.02,0.44
21:25:00.658844,0.89,-0.01,0.02,0.45
21:25:00.675475,0.88,-0.01,0.02,0.47
21:25:00.692161,0.87,-0,0.02,0.49
21:25:00.709079,0.87,-0,0.02,0.5
21:25:00.725670,0.86,-0,0.02,0.51
21:25:00.742233,0.86,-0.01,0.02,0.52
21:25:00.758970,0.85,-0.01,0.02,0.53
21:25:00.775754,0.84,-0.01,0.02,0.55
21:25:00.792400,0.82,-0.01,0.02,0.57
21:25:00.808953,0.81,-0.01,0.02,0.58
21:25:00.825622,0.8,-0.01,0.02,0.6
21:25:00.842150,0.79,-0,0.01,0.62
21:25:00.858750,0.78,-0,0,0.63
21:25:00.875344,0.76,0,0,0.65
21:25:00.892147,0.75,0,-0,0.66
21:25:00.908824,0.73,0,0,0.69
21:25:00.926031,0.71,-0.01,0.01,0.71
21:25:00.942309,0.69,-0.01,0.01,0.72
21:25:00.959056,0.68,-0.01,0.01,0.73
21:25:00.975524,0.67,-0.01,0.01,0.75
21:25:00.992166,0.65,-0,0,0.76
21:25:01.008838,0.65,-0,0,0.76
21:25:01.025489,0.63,-0,0,0.77
21:25:01.042122,0.62,-0.01,0,0.79
21:25:01.058737,0.61,-0.01,0.01,0.79
21:25:01.075314,0.58,-0.02,0.01,0.81
21:25:01.092056,0.57,-0.02,0.01,0.82
21:25:01.108675,0.54,-0.02,0,0.84
21:25:01.125634,0.51,-0.01,0,0.86
21:25:01.142569,0.5,-0.01,0,0.87
21:25:01.158979,0.48,-0.01,-0,0.88
21:25:01.175690,0.44,-0.01,-0,0.9
21:25:01.192224,0.43,-0.01,-0,0.9
21:25:01.208846,0.4,-0.01,-0,0.92
21:25:01.226206,0.37,-0.01,-0,0.93
21:25:01.242571,0.34,-0.01,-0,0.94
21:25:01.259177,0.33,-0.01,-0,0.94
21:25:01.275547,0.3,-0.01,-0.01,0.95
21:25:01.292187,0.28,-0.01,-0.01,0.96
21:25:01.308953,0.25,-0.01,-0.01,0.97
21:25:01.325533,0.22,-0.01,-0.01,0.97
21:25:01.342164,0.21,-0.01,-0.01,0.98
21:25:01.359370,0.19,-0.01,-0.01,0.98
21:25:01.375994,0.17,-0.01,-0.01,0.98
21:25:01.392384,0.16,-0.01,-0.01,0.99
21:25:01.409042,0.15,-0.01,-0.01,0.99
21:25:01.425584,0.13,-0.01,-0.01,0.99
21:25:01.442180,0.12,-0.01,-0.01,0.99
21:25:01.459288,0.11,-0.01,-0.01,0.99
21:25:01.475370,0.09,-0.01,-0.01,1
21:25:01.492223,0.08,-0.01,-0.01,1
21:25:01.508817,0.06,-0.01,-0.01,1
21:25:01.525314,0.04,-0.01,-0.01,1
21:25:01.542254,0.03,-0.01,-0.01,1
21:25:01.559494,0.01,-0.01,-0.01,1
21:25:01.575806,-0,-0.01,-0.01,1
21:25:01.592341,-0.01,-0.01,-0.01,1
21:25:01.609018,-0.03,-0.01,-0.01,1
21:25:01.625612,-0.06,-0.01,-0.01,1
21:25:01.642205,-0.07,-0.01,-0.01,1
21:25:01.659025,-0.09,-0.01,-0.01,1
21:25:01.675508,-0.11,-0.01,-0.01,0.99
21:25:01.692195,-0.12,-0.01,-0.01,0.99
21:25:01.708791,-0.15,-0.01,-0.01,0.99
21:25:01.725526,-0.18,-0.01,-0.01,0.98
21:25:01.742043,-0.19,-0.01,-0.01,0.98
21:25:01.759373,-0.21,-0.01,-0.01,0.98
21:25:01.775828,-0.22,-0.01,-0.01,0.97
21:25:01.792183,-0.23,-0.01,-0.01,0.97
21:25:01.808823,-0.26,-0.01,-0.01,0.97
21:25:01.825571,-0.29,-0.01,-0.01,0.96
21:25:01.842126,-0.31,-0.01,-0.01,0.95
21:25:01.859460,-0.34,-0.02,-0.01,0.94
21:25:01.875383,-0.36,-0.01,-0.01,0.93
21:25:01.892492,-0.37,-0.01,-0.01,0.93
21:25:01.908926,-0.39,-0.01,-0.01,0.92
21:25:01.925473,-0.43,-0.01,-0.02,0.9
21:25:01.942164,-0.46,-0.02,-0.02,0.89
21:25:01.959305,-0.49,-0.02,-0.02,0.87
21:25:01.975602,-0.52,-0.02,-0.02,0.85
21:25:01.992283,-0.54,-0.02,-0.02,0.84
21:25:02.008849,-0.56,-0.02,-0.02,0.83
21:25:02.025637,-0.59,-0.02,-0.02,0.81
21:25:02.042134,-0.6,-0.02,-0.03,0.8
21:25:02.058825,-0.63,-0.02,-0.03,0.78
21:25:02.075297,-0.66,-0.02,-0.03,0.75
21:25:02.092118,-0.67,-0.02,-0.03,0.74
21:25:02.108850,-0.7,-0.01,-0.03,0.72
21:25:02.125312,-0.72,-0.02,-0.03,0.69
21:25:02.142098,-0.74,-0.02,-0.03,0.67
21:25:02.159306,-0.77,-0.02,-0.03,0.64
21:25:02.175692,-0.78,-0.02,-0.02,0.62
21:25:02.192300,-0.78,-0.02,-0.02,0.62
21:25:02.208860,-0.78,-0.02,-0.02,0.62
21:25:02.225335,-0.78,-0.02,-0.02,0.62
21:25:02.242052,-0.78,-0.02,-0.02,0.62
21:25:02.258775,-0.77,-0.02,-0.02,0.63
21:25:02.275295,-0.76,-0.02,-0.02,0.65
21:25:02.292107,-0.75,-0.02,-0.02,0.66
21:25:02.308815,-0.74,-0.02,-0.02,0.67
21:25:02.325596,-0.73,-0.02,-0.01,0.68
21:25:02.342064,-0.72,-0.02,-0.01,0.69
21:25:02.358936,-0.72,-0.02,-0.01,0.7
21:25:02.376147,-0.72,-0.02,-0.01,0.7
21:25:02.392248,-0.72,-0.02,-0.01,0.7
21:25:02.408795,-0.72,-0.02,-0,0.7
21:25:02.425480,-0.72,-0.02,-0,0.7
21:25:02.442051,-0.72,-0.02,-0,0.7
21:25:02.458757,-0.73,-0.02,-0.01,0.69
21:25:02.475323,-0.73,-0.02,-0.01,0.68
21:25:02.492124,-0.73,-0.02,-0.01,0.68
21:25:02.508770,-0.73,-0.02,-0.01,0.68
21:25:02.525328,-0.73,-0.02,-0.01,0.69
21:25:02.541979,-0.72,-0.02,-0.01,0.69
21:25:02.559014,-0.72,-0.02,-0.01,0.69
21:25:02.576083,-0.72,-0.02,-0.01,0.69
21:25:02.592557,-0.72,-0.02,-0.01,0.69
21:25:02.609000,-0.72,-0.02,-0.01,0.69
21:25:02.625519,-0.72,-0.02,-0.01,0.7
21:25:02.642217,-0.72,-0.02,-0.01,0.7
21:25:02.658882,-0.71,-0.02,-0.01,0.7
21:25:02.675405,-0.71,-0.02,-0.01,0.7
21:25:02.692159,-0.71,-0.02,-0.01,0.71
21:25:02.708724,-0.7,-0.02,-0.01,0.72
21:25:02.725440,-0.69,-0.02,-0,0.73
21:25:02.742025,-0.68,-0.02,-0,0.73
21:25:02.758743,-0.67,-0.02,-0,0.75
21:25:02.775977,-0.65,-0.02,-0,0.76
21:25:02.792238,-0.65,-0.02,-0,0.76
21:25:02.808787,-0.63,-0.02,-0,0.78
21:25:02.825633,-0.61,-0.02,-0,0.79
21:25:02.842062,-0.6,-0.02,0,0.8
21:25:02.858751,-0.58,-0.02,0,0.81
21:25:02.875383,-0.56,-0.02,0,0.83
21:25:02.892133,-0.56,-0.02,0,0.83
21:25:02.908777,-0.54,-0.02,0.01,0.84
21:25:02.925456,-0.51,-0.02,0.01,0.86
21:25:02.942079,-0.5,-0.02,0.01,0.87
21:25:02.958819,-0.47,-0.02,0.01,0.88
21:25:02.976078,-0.46,-0.03,0.02,0.89
21:25:02.992263,-0.45,-0.03,0.02,0.89
21:25:03.008846,-0.43,-0.03,0.02,0.9
21:25:03.025395,-0.4,-0.03,0.01,0.92
21:25:03.042071,-0.38,-0.03,0.02,0.92
21:25:03.058820,-0.35,-0.03,0.02,0.94
21:25:03.075305,-0.31,-0.03,0.03,0.95
21:25:03.092116,-0.29,-0.04,0.03,0.96
21:25:03.108788,-0.25,-0.04,0.03,0.97
21:25:03.125336,-0.22,-0.04,0.03,0.97
21:25:03.142115,-0.21,-0.04,0.03,0.98
21:25:03.158762,-0.17,-0.03,0.03,0.98
21:25:03.175451,-0.13,-0.04,0.04,0.99
21:25:03.192580,-0.11,-0.04,0.04,0.99
21:25:03.208885,-0.06,-0.04,0.04,1
21:25:03.225420,-0.02,-0.04,0.03,1
21:25:03.242063,0,-0.05,0.03,1
21:25:03.258909,0.04,-0.04,0.02,1
21:25:03.275396,0.07,-0.03,0.02,1
21:25:03.292335,0.09,-0.03,0.02,0.99
21:25:03.308808,0.13,-0.03,0.02,0.99
21:25:03.325334,0.17,-0.03,0.02,0.98
21:25:03.342063,0.19,-0.03,0.02,0.98
21:25:03.358805,0.23,-0.02,0.02,0.97
21:25:03.375536,0.26,-0.02,0.02,0.96
21:25:03.392488,0.28,-0.02,0.02,0.96
21:25:03.408983,0.32,-0.02,0.02,0.95
21:25:03.425689,0.35,-0.02,0.02,0.94
21:25:03.442082,0.37,-0.02,0.02,0.93
21:25:03.458746,0.41,-0.01,0.02,0.91
21:25:03.475409,0.44,-0.01,0.02,0.9
21:25:03.492147,0.45,-0.01,0.02,0.89
21:25:03.508832,0.48,-0.01,0.02,0.88
21:25:03.525383,0.5,-0.01,0.02,0.86
21:25:03.542091,0.51,-0.01,0.02,0.86
21:25:03.559135,0.53,-0,0.02,0.84
21:25:03.575521,0.56,-0,0.02,0.83
21:25:03.592536,0.56,-0,0.02,0.83
21:25:03.609274,0.58,-0,0.02,0.82
21:25:03.625693,0.59,-0,0.02,0.81
21:25:03.642298,0.6,-0,0.02,0.8
21:25:03.658915,0.62,0,0.02,0.78
21:25:03.675451,0.65,0,0.02,0.76
21:25:03.692183,0.66,0,0.02,0.75
21:25:03.708753,0.69,0.01,0.02,0.73
21:25:03.725376,0.7,0.01,0.02,0.72
21:25:03.742089,0.72,0.01,0.02,0.7
21:25:03.758810,0.74,0.01,0.02,0.67
21:25:03.775269,0.76,0.01,0.02,0.65
21:25:03.792071,0.77,0.01,0.02,0.64
21:25:03.809096,0.78,0.01,0.02,0.62
21:25:03.825669,0.8,0.01,0.02,0.6
21:25:03.842181,0.81,0.01,0.02,0.59
21:25:03.858772,0.82,0.01,0.02,0.57
21:25:03.875431,0.83,0.01,0.03,0.56
21:25:03.891984,0.84,0.01,0.03,0.55
21:25:03.908738,0.85,0.01,0.03,0.53
21:25:03.925300,0.86,0.01,0.03,0.51
21:25:03.942051,0.88,0.01,0.03,0.48
21:25:03.958824,0.89,0.01,0.03,0.45
21:25:03.975319,0.91,0.01,0.03,0.42
21:25:03.992051,0.91,0.01,0.03,0.41
21:25:04.008831,0.91,0.01,0.03,0.4
21:25:04.025904,0.91,0.01,0.03,0.4
21:25:04.042258,0.91,0.01,0.02,0.4
21:25:04.058834,0.91,0.01,0.02,0.4
21:25:04.075443,0.91,0.01,0.02,0.4
21:25:04.092100,0.91,0.02,0.02,0.4
21:25:04.108783,0.91,0.02,0.02,0.4
21:25:04.125318,0.91,0.02,0.02,0.4
21:25:04.142087,0.91,0.02,0.02,0.4
21:25:04.158819,0.91,0.02,0.02,0.4
21:25:04.175294,0.91,0.02,0.02,0.4
21:25:04.192056,0.91,0.02,0.02,0.4
21:25:04.209185,0.92,0.02,0.03,0.4
21:25:04.226116,0.93,0.02,0.03,0.38
21:25:04.242320,0.93,0.02,0.03,0.36
21:25:04.258857,0.94,0.02,0.03,0.33
21:25:04.275471,0.96,0.02,0.04,0.29
21:25:04.292222,0.96,0.02,0.04,0.27
21:25:04.308788,0.97,0.02,0.03,0.23
21:25:04.325315,0.98,0.02,0.03,0.21
21:25:04.342104,0.98,0.02,0.03,0.2
21:25:04.358743,0.98,0.02,0.03,0.19
21:25:04.375386,0.98,0.02,0.03,0.17
21:25:04.392041,0.99,0.02,0.03,0.14
21:25:04.408766,0.99,0.02,0.03,0.1
21:25:04.425372,1,0.02,0.03,0.091
21:25:04.442683,1,0.03,0.04,0.061
21:25:04.458960,1,0.03,0.04,0.041
21:25:04.475650,1,0.03,0.05,0.02
21:25:04.492165,1,0.03,0.05,0.011
21:25:04.508880,1,0.03,0.05,-0.001
21:25:04.525419,1,0.03,0.05,-0.03
21:25:04.542382,1,0.03,0.05,-0.041
21:25:04.559026,1,0.03,0.05,-0.07
21:25:04.575401,0.99,0.03,0.04,-0.11
21:25:04.592589,0.99,0.03,0.04,-0.13
21:25:04.609224,0.99,0.03,0.04,-0.15
21:25:04.626129,0.98,0.03,0.04,-0.17
21:25:04.642973,0.98,0.03,0.04,-0.19
21:25:04.659383,0.97,0.03,0.04,-0.23
21:25:04.675783,0.97,0.03,0.03,-0.26
21:25:04.692410,0.96,0.03,0.04,-0.27
21:25:04.708978,0.95,0.03,0.03,-0.31
21:25:04.725942,0.95,0.03,0.03,-0.32
21:25:04.742158,0.93,0.03,0.04,-0.36
21:25:04.759254,0.92,0.03,0.03,-0.39
21:25:04.775856,0.9,0.03,0.03,-0.43
21:25:04.792660,0.89,0.03,0.03,-0.44
21:25:04.809358,0.88,0.03,0.04,-0.48
21:25:04.826946,0.86,0.04,0.03,-0.51
21:25:04.842837,0.85,0.04,0.03,-0.53
21:25:04.859071,0.83,0.04,0.03,-0.56
21:25:04.875783,0.82,0.04,0.03,-0.57
21:25:04.892282,0.81,0.04,0.03,-0.59
21:25:04.909155,0.8,0.04,0.03,-0.6
21:25:04.925703,0.79,0.04,0.03,-0.61
21:25:04.942259,0.77,0.04,0.03,-0.63
21:25:04.958822,0.76,0.04,0.03,-0.65
21:25:04.975442,0.75,0.04,0.03,-0.66
21:25:04.992062,0.72,0.04,0.02,-0.69
21:25:05.008720,0.69,0.04,0.02,-0.72
21:25:05.026437,0.68,0.04,0.01,-0.73
21:25:05.042085,0.66,0.04,0.01,-0.75
21:25:05.059328,0.64,0.04,0.02,-0.76
21:25:05.075619,0.63,0.03,0.02,-0.78
21:25:05.092321,0.62,0.03,0.02,-0.78
21:25:05.109017,0.6,0.03,0.02,-0.8
21:25:05.126555,0.59,0.03,0.02,-0.81
21:25:05.142075,0.57,0.04,0.01,-0.82
21:25:05.158801,0.55,0.03,0.01,-0.84
21:25:05.175272,0.54,0.03,0.01,-0.84
21:25:05.191961,0.52,0.03,0.01,-0.85
21:25:05.208721,0.5,0.03,0.01,-0.86
21:25:05.225353,0.49,0.03,0.01,-0.87
21:25:05.242044,0.47,0.04,0,-0.88
21:25:05.258715,0.44,0.04,0,-0.9
21:25:05.276125,0.43,0.04,-0,-0.9
21:25:05.292431,0.41,0.04,0,-0.91
21:25:05.308929,0.4,0.04,0,-0.92
21:25:05.325573,0.39,0.04,0,-0.92
21:25:05.342157,0.38,0.04,0,-0.93
21:25:05.358837,0.36,0.04,-0,-0.93
21:25:05.375735,0.35,0.04,-0,-0.93
21:25:05.392179,0.34,0.04,-0.01,-0.94
21:25:05.408650,0.33,0.04,-0.01,-0.94
21:25:05.425535,0.32,0.04,-0,-0.95
21:25:05.442130,0.31,0.04,-0,-0.95
21:25:05.458799,0.3,0.04,-0,-0.95
21:25:05.476002,0.29,0.04,-0,-0.96
21:25:05.492300,0.28,0.04,-0,-0.96
21:25:05.509081,0.28,0.04,-0,-0.96
21:25:05.525670,0.28,0.04,-0,-0.96
21:25:05.542180,0.27,0.04,-0,-0.96
21:25:05.559112,0.27,0.04,-0,-0.96
21:25:05.575661,0.27,0.04,-0,-0.96
21:25:05.592087,0.27,0.04,-0,-0.96
21:25:05.608901,0.27,0.04,-0,-0.96
21:25:05.625487,0.27,0.04,-0,-0.96
21:25:05.642161,0.27,0.04,-0,-0.96
21:25:05.658822,0.28,0.03,-0,-0.96
21:25:05.675411,0.29,0.03,-0,-0.96
21:25:05.692552,0.31,0.03,-0,-0.95
21:25:05.709128,0.34,0.02,-0,-0.94
21:25:05.725537,0.35,0.02,0,-0.94
21:25:05.742126,0.38,0.02,0,-0.93
21:25:05.758860,0.4,0.02,0,-0.92
21:25:05.775387,0.41,0.02,0,-0.91
21:25:05.792125,0.42,0.02,0,-0.91
21:25:05.808693,0.44,0.02,0,-0.9
21:25:05.825440,0.45,0.02,0,-0.89
21:25:05.841960,0.47,0.02,0,-0.88
21:25:05.858757,0.5,0.02,0,-0.86
21:25:05.875378,0.52,0.02,0.01,-0.86
21:25:05.892128,0.55,0.02,0,-0.84
21:25:05.909937,0.58,0.02,0.01,-0.81
21:25:05.925613,0.6,0.02,0.01,-0.8
21:25:05.942190,0.63,0.01,0.01,-0.78
21:25:05.958869,0.66,0.01,0.01,-0.75
21:25:05.975308,0.68,0.01,0.01,-0.74
21:25:05.991942,0.7,0.01,0.01,-0.71
21:25:06.008945,0.73,0.01,0.01,-0.68
21:25:06.025469,0.74,0.01,0.01,-0.67
21:25:06.042016,0.77,0.01,0.02,-0.64
21:25:06.058724,0.79,0.01,0.02,-0.62
21:25:06.075346,0.79,0.01,0.02,-0.61
21:25:06.092105,0.81,0.01,0.02,-0.58
21:25:06.109722,0.83,0.02,0.02,-0.56
21:25:06.125665,0.84,0.02,0.02,-0.55
21:25:06.142221,0.85,0.01,0.02,-0.52
21:25:06.158868,0.86,0.01,0.03,-0.5
21:25:06.175357,0.87,0.01,0.03,-0.49
21:25:06.192116,0.88,0.01,0.03,-0.48
21:25:06.208731,0.89,0.01,0.03,-0.46
21:25:06.225284,0.89,0.01,0.03,-0.45
21:25:06.242191,0.9,0.01,0.03,-0.43
21:25:06.258657,0.92,0.01,0.03,-0.4
21:25:06.275468,0.92,0.01,0.03,-0.39
21:25:06.292768,0.93,0.01,0.03,-0.37
21:25:06.309260,0.94,0.01,0.03,-0.35
21:25:06.325700,0.94,0.01,0.03,-0.33
21:25:06.342615,0.95,0.01,0.03,-0.31
21:25:06.358967,0.96,0.01,0.03,-0.28
21:25:06.376106,0.96,0.01,0.03,-0.26
21:25:06.392392,0.97,0.01,0.03,-0.23
21:25:06.408879,0.98,0.01,0.03,-0.19
21:25:06.425483,0.99,0.01,0.03,-0.17
21:25:06.442073,0.99,0.01,0.03,-0.13
21:25:06.458786,0.99,0.01,0.03,-0.11
21:25:06.475285,0.99,0.01,0.03,-0.101
21:25:06.492192,1,0.01,0.03,-0.081
21:25:06.509423,1,0.01,0.03,-0.07
21:25:06.525950,1,0.01,0.03,-0.061
21:25:06.542364,1,0.01,0.02,-0.041
21:25:06.558851,1,0.01,0.02,-0.02
21:25:06.575533,1,0.01,0.02,-0.021
21:25:06.592125,1,0.01,0.02,-0.011
21:25:06.608788,1,0.01,0.02,-0
21:25:06.625516,1,0.01,0.02,-0.001
21:25:06.642201,1,0.01,0.02,-0.001
21:25:06.658854,1,0.01,0.02,-0
21:25:06.675424,1,0.01,0.02,-0.001
21:25:06.692113,1,0.01,0.02,-0.001
21:25:06.709940,1,0.01,0.02,-0
21:25:06.725897,1,0.01,0.02,-0.001
21:25:06.742347,1,0.01,0.02,-0.001
21:25:06.758921,1,0.01,0.02,-0
21:25:06.775452,1,0.01,0.02,-0.001
21:25:06.792143,1,0.01,0.02,-0.001
21:25:06.808762,1,0.01,0.02,-0
21:25:06.825465,1,0.01,0.02,-0.001
21:25:06.842077,1,0.01,0.02,-0.001
21:25:06.858752,1,0.01,0.02,-0.01
21:25:06.875252,1,0.01,0.02,-0.011
21:25:06.892053,1,0.01,0.02,-0.011
21:25:06.908718,1,0.01,0.02,-0.01
21:25:06.926146,1,0.01,0.02,-0.011
21:25:06.942316,1,0.01,0.02,-0.011
21:25:06.958987,1,0.01,0.02,-0.01
21:25:06.975534,1,0.01,0.02,-0.011
21:25:06.992129,1,0.01,0.03,-0.011
21:25:07.008810,1,0.01,0.03,-0.01
21:25:07.025359,1,0.01,0.03,-0.011
21:25:07.042051,1,0.01,0.03,-0.011
21:25:07.058745,1,0.01,0.03,-0.01
21:25:07.075395,1,0.01,0.03,-0.011
21:25:07.092122,1,0.01,0.04,-0.021
21:25:07.108766,1,0.01,0.04,-0.02
21:25:07.125912,1,0.01,0.04,-0.021
21:25:07.142303,1,0.01,0.04,-0.021
21:25:07.158946,1,0.01,0.03,-0.02
21:25:07.175515,1,0.01,0.03,-0.021
21:25:07.192099,1,0.01,0.03,-0.021
21:25:07.208845,1,0.01,0.04,-0.02
21:25:07.225395,1,0.01,0.04,-0.021
21:25:07.242061,1,0.01,0.04,-0.021
21:25:07.258740,1,0.01,0.03,-0.02
21:25:07.275267,1,0.01,0.03,-0.021
21:25:07.292080,1,0.02,0.03,-0.021
21:25:07.308795,1,0.02,0.04,-0.02
21:25:07.325650,1,0.02,0.04,-0.021
21:25:07.342643,1,0.02,0.04,-0.021
21:25:07.359015,1,0.02,0.04,-0.02
21:25:07.375587,1,0.02,0.03,-0.021
21:25:07.392178,1,0.02,0.03,-0.021
21:25:07.408765,1,0.02,0.03,-0.02
21:25:07.425315,1,0.02,0.03,-0.021
21:25:07.442125,1,0.02,0.03,-0.021
21:25:07.458688,1,0.02,0.03,-0.02
21:25:07.475227,1,0.02,0.03,-0.021
21:25:07.492089,1,0.02,0.03,-0.021
21:25:07.508681,1,0.02,0.03,-0.02
21:25:07.525413,1,0.02,0.03,-0.021
21:25:07.542695,1,0.02,0.03,-0.021
21:25:07.559074,1,0.02,0.02,-0.02
21:25:07.575595,1,0.02,0.02,-0.021
21:25:07.592122,1,0.02,0.02,-0.021
21:25:07.608765,1,0.02,0.02,-0.02
21:25:07.625521,1,0.02,0.02,-0.021
21:25:07.642193,1,0.02,0.02,-0.021
21:25:07.658795,1,0.02,0.02,-0.02
21:25:07.675569,1,0.02,0.02,-0.021
21:25:07.692242,1,0.02,0.02,-0.021
21:25:07.708707,1,0.02,0.02,-0.02
21:25:07.725319,1,0.02,0.02,-0.021
21:25:07.742287,1,0.02,0.02,-0.021
21:25:07.758978,1,0.02,0.02,-0.02
21:25:07.775501,1,0.02,0.02,-0.021
21:25:07.792118,1,0.02,0.02,-0.021
21:25:07.808792,1,0.02,0.02,-0.02
21:25:07.825360,1,0.02,0.02,-0.021
21:25:07.842033,1,0.03,0.03,-0.021
21:25:07.858657,1,0.03,0.03,-0.02
21:25:07.875360,1,0.03,0.03,-0.021
21:25:07.892087,1,0.03,0.03,-0.02
21:25:07.908905,1,0.03,0.03,-0.021
21:25:07.925264,1,0.03,0.03,-0.021
21:25:07.941922,1,0.03,0.03,-0.02
21:25:07.959152,1,0.03,0.03,-0.021
21:25:07.975693,1,0.03,0.04,-0.021
21:25:07.992206,1,0.03,0.04,-0.021
21:25:08.008784,1,0.03,0.04,-0.02
21:25:08.025733,1,0.03,0.04,-0.021
21:25:08.042063,1,0.03,0.04,-0.021
21:25:08.058761,1,0.03,0.04,-0.02
21:25:08.075672,1,0.03,0.04,-0.021
21:25:08.092184,1,0.03,0.04,-0.021
21:25:08.108983,1,0.03,0.03,-0.02
21:25:08.125519,1,0.03,0.03,-0.021
21:25:08.142045,1,0.03,0.03,-0.02
21:25:08.159074,1,0.03,0.03,-0.021
21:25:08.176186,1,0.03,0.02,-0.021
21:25:08.192236,1,0.03,0.02,-0.02
21:25:08.208908,1,0.03,0.01,-0.021
21:25:08.225548,1,0.03,0.01,-0.011
21:25:08.242104,1,0.03,-0,-0.01
21:25:08.258890,1,0.04,-0.01,-0.011
21:25:08.275338,1,0.04,-0.02,-0.001
21:25:08.292177,1,0.04,-0.04,0.001
21:25:08.308854,1,0.05,-0.06,0.01
21:25:08.325379,1,0.05,-0.07,0.011
21:25:08.342075,0.99,0.05,-0.09,0.01
21:25:08.358717,0.99,0.05,-0.11,0.01
21:25:08.375945,0.99,0.04,-0.12,0.01
21:25:08.392206,0.99,0.04,-0.15,0.01
21:25:08.408745,0.99,0.04,-0.16,0.01
21:25:08.425502,0.98,0.03,-0.2,0.01
21:25:08.441922,0.97,0.03,-0.25,0.02
21:25:08.458550,0.96,0.03,-0.27,0.02
21:25:08.475230,0.95,0.02,-0.32,0.03
21:25:08.492053,0.93,0.01,-0.35,0.03
21:25:08.508687,0.93,0.01,-0.38,0.03
21:25:08.525382,0.91,0.01,-0.42,0.02
21:25:08.542362,0.88,0,-0.48,0.02
21:25:08.558899,0.86,0,-0.51,0.02
21:25:08.575837,0.83,0,-0.56,0.03
21:25:08.592317,0.8,-0,-0.6,0.03
21:25:08.608777,0.79,-0,-0.62,0.03
21:25:08.625486,0.76,-0,-0.65,0.03
21:25:08.642166,0.72,-0.01,-0.69,0.03
21:25:08.658725,0.7,-0.01,-0.72,0.03
21:25:08.675379,0.65,-0.02,-0.76,0.03
21:25:08.692048,0.6,-0.02,-0.8,0.03
21:25:08.708718,0.58,-0.02,-0.81,0.03
21:25:08.725374,0.56,-0.02,-0.83,0.03
21:25:08.742019,0.52,-0.02,-0.86,0.03
21:25:08.758796,0.49,-0.02,-0.87,0.03
21:25:08.775305,0.42,-0.02,-0.91,0.02
21:25:08.792479,0.36,-0.02,-0.93,0.03
21:25:08.808873,0.33,-0.02,-0.94,0.03
21:25:08.825557,0.3,-0.02,-0.95,0.03
21:25:08.842073,0.27,-0.02,-0.96,0.04
21:25:08.858878,0.26,-0.02,-0.96,0.04
21:25:08.875293,0.23,-0.03,-0.97,0.03
21:25:08.892002,0.2,-0.04,-0.98,0.02
21:25:08.908708,0.18,-0.04,-0.98,0.02
21:25:08.925385,0.14,-0.04,-0.99,0.02
21:25:08.942037,0.1,-0.04,-0.99,0.02
21:25:08.958743,0.08,-0.04,-1,0.02
21:25:08.975248,0.03,-0.04,-1,0.02
21:25:08.992023,-0.02,-0.03,-1,0.02
21:25:09.009384,-0.04,-0.03,-1,0.02
21:25:09.025674,-0.06,-0.02,-1,0.02
21:25:09.042529,-0.1,-0.02,-0.99,0.03
21:25:09.058975,-0.12,-0.02,-0.99,0.03
21:25:09.075625,-0.17,-0.01,-0.98,0.04
21:25:09.092232,-0.21,-0,-0.98,0.04
21:25:09.108872,-0.23,0,-0.97,0.04
21:25:09.125500,-0.3,0.01,-0.95,0.05
21:25:09.142125,-0.37,0.01,-0.93,0.04
21:25:09.158802,-0.41,0.01,-0.91,0.04
21:25:09.175427,-0.49,-0,-0.87,0.04
21:25:09.192062,-0.58,-0.01,-0.81,0.04
21:25:09.209165,-0.63,-0.02,-0.78,0.04
21:25:09.225567,-0.72,-0.03,-0.7,0.03
21:25:09.242121,-0.75,-0.02,-0.66,0.03
21:25:09.258701,-0.75,-0.02,-0.66,0.03
21:25:09.275355,-0.75,-0.02,-0.66,0.02
21:25:09.292113,-0.75,-0.02,-0.66,0.02
21:25:09.308726,-0.75,-0.02,-0.66,0.02
21:25:09.325235,-0.76,-0.02,-0.65,0.01
21:25:09.342132,-0.78,-0.02,-0.62,0.01
21:25:09.358818,-0.8,-0.02,-0.6,0.01
21:25:09.375367,-0.83,-0.01,-0.55,0.01
21:25:09.392066,-0.86,-0,-0.51,0.01
21:25:09.409386,-0.86,0,-0.5,0
21:25:09.425823,-0.87,0.01,-0.49,-0
21:25:09.442280,-0.88,0,-0.48,-0
21:25:09.458857,-0.89,0,-0.46,-0
21:25:09.475843,-0.89,-0.01,-0.47,0
21:25:09.492109,-0.88,-0.02,-0.48,0
21:25:09.508699,-0.87,-0.03,-0.49,0
21:25:09.525365,-0.87,-0.04,-0.49,0.01
21:25:09.541944,-0.89,-0.05,-0.45,0.02
21:25:09.559129,-0.91,-0.04,-0.42,0.03
21:25:09.575594,-0.93,-0.04,-0.35,0.03
21:25:09.592250,-0.95,-0.02,-0.3,0.04
21:25:09.608874,-0.96,-0.02,-0.27,0.03
21:25:09.626082,-0.97,-0.01,-0.25,0.03
21:25:09.642438,-0.97,-0.01,-0.23,0.03
21:25:09.659140,-0.97,-0.01,-0.22,0.03
21:25:09.675725,-0.98,-0.01,-0.18,0.03
21:25:09.692074,-0.99,-0,-0.13,0.03
21:25:09.708755,-0.99,0,-0.12,0.03
21:25:09.725429,-1,0.01,-0.09,0.03
21:25:09.742026,-1,0.01,-0.07,0.03
21:25:09.758757,-1,0.01,-0.05,0.04
21:25:09.775306,-1,0.01,-0,0.04
21:25:09.792052,-1,0.01,0.05,0.04
21:25:09.808803,-1,0.01,0.06,0.04
21:25:09.826081,-1,0.01,0.08,0.04
21:25:09.842288,-0.99,0.01,0.09,0.04
21:25:09.858904,-0.99,0.01,0.1,0.04
21:25:09.876086,-0.99,0.01,0.13,0.04
21:25:09.892132,-0.99,0.02,0.15,0.04
21:25:09.908784,-0.99,0.02,0.15,0.04
21:25:09.925310,-0.99,0.02,0.16,0.04
21:25:09.942155,-0.99,0.02,0.15,0.05
21:25:09.959121,-0.99,0.02,0.15,0.05
21:25:09.975783,-0.99,0.01,0.14,0.05
21:25:09.992649,-0.99,0.01,0.14,0.05
21:25:10.009443,-0.99,0.01,0.14,0.05
21:25:10.026173,-0.99,0,0.12,0.05
21:25:10.042486,-0.99,-0,0.1,0.05
21:25:10.058980,-0.99,-0.01,0.09,0.05
21:25:10.075628,-1,-0.02,0.07,0.05
21:25:10.092162,-1,-0.02,0.05,0.06
21:25:10.108839,-1,-0.02,0.04,0.06
21:25:10.125984,-1,-0.03,0.02,0.07
21:25:10.142579,-1,-0.03,-0.01,0.07
21:25:10.159348,-1,-0.04,-0.02,0.08
21:25:10.176105,-0.99,-0.04,-0.06,0.08
21:25:10.192373,-0.99,-0.05,-0.11,0.08
21:25:10.208969,-0.99,-0.05,-0.12,0.08
21:25:10.226065,-0.98,-0.05,-0.16,0.09
21:25:10.242538,-0.97,-0.06,-0.21,0.09
21:25:10.259080,-0.96,-0.06,-0.25,0.1
21:25:10.275628,-0.94,-0.07,-0.31,0.1
21:25:10.292316,-0.92,-0.08,-0.37,0.09
21:25:10.308828,-0.91,-0.08,-0.39,0.09
21:25:10.325514,-0.9,-0.08,-0.42,0.09
21:25:10.342165,-0.89,-0.08,-0.44,0.09
21:25:10.358744,-0.88,-0.07,-0.46,0.09
21:25:10.375393,-0.86,-0.07,-0.5,0.09
21:25:10.392062,-0.84,-0.07,-0.54,0.08
21:25:10.408857,-0.82,-0.07,-0.56,0.08
21:25:10.425494,-0.79,-0.07,-0.6,0.07
21:25:10.442499,-0.75,-0.07,-0.65,0.06
21:25:10.458940,-0.73,-0.06,-0.68,0.06
21:25:10.475514,-0.69,-0.06,-0.72,0.05
21:25:10.492068,-0.65,-0.05,-0.76,0.04
21:25:10.508807,-0.63,-0.05,-0.77,0.04
21:25:10.525469,-0.6,-0.05,-0.8,0.02
21:25:10.542354,-0.57,-0.05,-0.82,0.01
21:25:10.558930,-0.55,-0.06,-0.83,0.01
21:25:10.575496,-0.52,-0.06,-0.85,0
21:25:10.592110,-0.49,-0.06,-0.87,-0
21:25:10.608695,-0.47,-0.06,-0.88,-0.01
21:25:10.625552,-0.42,-0.06,-0.91,-0.02
21:25:10.642617,-0.37,-0.05,-0.93,-0.03
21:25:10.659138,-0.34,-0.05,-0.94,-0.03
21:25:10.676000,-0.29,-0.05,-0.96,-0.04
21:25:10.692268,-0.24,-0.05,-0.97,-0.04
21:25:10.708753,-0.22,-0.04,-0.97,-0.04
21:25:10.725317,-0.18,-0.04,-0.98,-0.05
21:25:10.741985,-0.15,-0.05,-0.99,-0.06
21:25:10.758710,-0.13,-0.05,-0.99,-0.06
21:25:10.775342,-0.1,-0.05,-0.99,-0.07
21:25:10.792005,-0.06,-0.05,-0.99,-0.08
21:25:10.808668,-0.04,-0.05,-0.99,-0.08
21:25:10.825460,0.01,-0.06,-0.99,-0.09
21:25:10.842038,0.04,-0.06,-0.99,-0.09
21:25:10.859233,0.05,-0.06,-0.99,-0.09
21:25:10.875638,0.06,-0.05,-0.99,-0.09
21:25:10.892118,0.09,-0.06,-0.99,-0.09
21:25:10.908681,0.1,-0.06,-0.99,-0.09
21:25:10.925350,0.13,-0.06,-0.99,-0.09
21:25:10.942119,0.14,-0.05,-0.98,-0.09
21:25:10.958795,0.17,-0.05,-0.98,-0.09
21:25:10.975241,0.21,-0.04,-0.97,-0.09
21:25:10.992041,0.23,-0.03,-0.97,-0.09
21:25:11.008687,0.27,-0.01,-0.96,-0.09
21:25:11.025242,0.31,0.01,-0.95,-0.09
21:25:11.042034,0.33,0.02,-0.94,-0.09
21:25:11.059173,0.39,0.03,-0.92,-0.09
21:25:11.075509,0.45,0.04,-0.89,-0.09
21:25:11.092049,0.51,0.05,-0.85,-0.09
21:25:11.108706,0.54,0.06,-0.84,-0.09
21:25:11.125238,0.58,0.08,-0.8,-0.1
21:25:11.141951,0.62,0.09,-0.77,-0.11
21:25:11.158663,0.64,0.09,-0.76,-0.11
21:25:11.176441,0.66,0.1,-0.73,-0.12
21:25:11.191957,0.69,0.11,-0.71,-0.13
21:25:11.208674,0.7,0.11,-0.7,-0.13
21:25:11.225306,0.72,0.11,-0.68,-0.12
21:25:11.241981,0.73,0.1,-0.66,-0.12
21:25:11.259034,0.74,0.1,-0.65,-0.12
21:25:11.275556,0.76,0.1,-0.63,-0.12
21:25:11.292094,0.79,0.1,-0.6,-0.12
21:25:11.308795,0.8,0.1,-0.57,-0.11
21:25:11.325968,0.85,0.11,-0.5,-0.1
21:25:11.342419,0.9,0.11,-0.4,-0.09
21:25:11.358695,0.93,0.12,-0.35,-0.08
21:25:11.375366,0.96,0.12,-0.25,-0.07
21:25:11.392051,0.98,0.12,-0.17,-0.06
21:25:11.409245,0.98,0.11,-0.14,-0.06
21:25:11.425942,0.99,0.1,-0.1,-0.06
21:25:11.442203,0.99,0.1,-0.07,-0.06
21:25:11.459031,0.99,0.09,-0.06,-0.06
21:25:11.475581,0.99,0.09,-0.02,-0.05
21:25:11.492168,0.99,0.09,0.02,-0.05
21:25:11.508713,0.99,0.09,0.03,-0.04
21:25:11.525358,0.99,0.09,0.05,-0.04
21:25:11.542025,0.99,0.09,0.05,-0.04
21:25:11.559036,0.99,0.09,0.06,-0.04
21:25:11.575370,0.99,0.08,0.06,-0.04
21:25:11.592253,0.99,0.08,0.07,-0.04
21:25:11.608780,0.99,0.08,0.08,-0.03
21:25:11.625541,0.99,0.08,0.1,-0.03
21:25:11.642090,0.99,0.07,0.13,-0.01
21:25:11.658814,0.99,0.06,0.14,-0.01
21:25:11.675731,0.98,0.05,0.18,0
21:25:11.692252,0.98,0.05,0.19,0
21:25:11.708778,0.98,0.05,0.19,0
21:25:11.725371,0.98,0.05,0.18,0
21:25:11.741980,0.98,0.05,0.18,-0
21:25:11.758728,0.98,0.06,0.16,-0
21:25:11.775243,0.99,0.06,0.14,-0
21:25:11.791937,0.99,0.05,0.12,-0
21:25:11.808676,0.99,0.05,0.1,-0.01
21:25:11.825534,0.99,0.05,0.09,-0.011
21:25:11.841899,1,0.05,0.08,-0.01
21:25:11.858532,1,0.05,0.08,-0.011
21:25:11.875537,1,0.05,0.08,-0.021
21:25:11.892165,1,0.05,0.07,-0.02
21:25:11.908891,1,0.05,0.07,-0.021
21:25:11.925444,1,0.05,0.06,-0.021
21:25:11.942013,1,0.05,0.05,-0.02
21:25:11.958654,1,0.05,0.05,-0.031
21:25:11.975302,1,0.05,0.04,-0.03
21:25:11.991979,1,0.05,0.03,-0.031
21:25:12.008668,1,0.05,0.03,-0.031
21:25:12.025238,1,0.06,0.04,-0.03
21:25:12.041863,1,0.06,0.03,-0.031
21:25:12.058640,1,0.07,0.02,-0.031
21:25:12.075367,1,0.07,0,-0.04
21:25:12.092498,1,0.07,-0.01,-0.041
21:25:12.108873,1,0.09,-0.02,-0.04
21:25:12.125474,0.99,0.1,-0.02,-0.04
21:25:12.141991,0.99,0.11,-0.02,-0.04
21:25:12.158692,0.99,0.13,-0.04,-0.04
21:25:12.175371,0.99,0.14,-0.07,-0.04
21:25:12.192062,0.98,0.15,-0.08,-0.04
21:25:12.208657,0.98,0.17,-0.11,-0.04
21:25:12.225260,0.97,0.19,-0.12,-0.04
21:25:12.241964,0.97,0.21,-0.13,-0.04
21:25:12.258672,0.96,0.23,-0.14,-0.04
21:25:12.275218,0.95,0.27,-0.15,-0.04
21:25:12.292478,0.95,0.28,-0.15,-0.04
21:25:12.308939,0.94,0.31,-0.16,-0.05
21:25:12.325772,0.92,0.34,-0.17,-0.05
21:25:12.342449,0.92,0.35,-0.18,-0.06
21:25:12.358634,0.91,0.37,-0.2,-0.06
21:25:12.375444,0.89,0.4,-0.2,-0.05
21:25:12.391894,0.89,0.41,-0.2,-0.05
21:25:12.408687,0.87,0.44,-0.2,-0.05
21:25:12.425358,0.86,0.47,-0.19,-0.05
21:25:12.442457,0.85,0.49,-0.18,-0.04
21:25:12.458664,0.84,0.51,-0.17,-0.03
21:25:12.475352,0.83,0.53,-0.16,-0.03
21:25:12.492486,0.82,0.54,-0.16,-0.03
21:25:12.508893,0.81,0.57,-0.16,-0.04
21:25:12.525303,0.8,0.58,-0.15,-0.04
21:25:12.542847,0.79,0.59,-0.14,-0.04
21:25:12.559040,0.78,0.61,-0.13,-0.04
21:25:12.575410,0.76,0.63,-0.12,-0.05
21:25:12.592137,0.75,0.64,-0.12,-0.04
21:25:12.608899,0.74,0.66,-0.11,-0.04
21:25:12.625290,0.72,0.69,-0.1,-0.04
21:25:12.642714,0.71,0.69,-0.1,-0.04
21:25:12.658800,0.69,0.71,-0.1,-0.04
21:25:12.675344,0.67,0.73,-0.12,-0.06
21:25:12.692498,0.66,0.74,-0.13,-0.07
21:25:12.708831,0.64,0.76,-0.13,-0.07
21:25:12.725483,0.62,0.78,-0.12,-0.06
21:25:12.742394,0.61,0.79,-0.11,-0.05
21:25:12.758667,0.59,0.8,-0.1,-0.04
21:25:12.775357,0.56,0.82,-0.1,-0.03
21:25:12.791934,0.55,0.83,-0.1,-0.02
21:25:12.808683,0.52,0.85,-0.09,-0.01
21:25:12.825286,0.5,0.86,-0.08,-0
21:25:12.842530,0.48,0.87,-0.07,0
21:25:12.858552,0.46,0.88,-0.05,0.02
21:25:12.875294,0.44,0.89,-0.03,0.03
21:25:12.892155,0.43,0.9,-0.03,0.03
21:25:12.908928,0.41,0.91,-0.02,0.05
21:25:12.925730,0.39,0.92,-0.01,0.06
21:25:12.943115,0.38,0.92,-0.01,0.07
21:25:12.958844,0.35,0.93,-0.02,0.07
21:25:12.975282,0.32,0.95,-0.02,0.07
21:25:12.991992,0.3,0.95,-0.02,0.08
21:25:13.008719,0.26,0.96,-0.02,0.09
21:25:13.025406,0.23,0.97,-0.02,0.1
21:25:13.043650,0.22,0.97,-0.02,0.11
21:25:13.058711,0.19,0.97,-0.02,0.12
21:25:13.075321,0.15,0.98,-0.02,0.12
21:25:13.092010,0.14,0.98,-0.02,0.12
21:25:13.109132,0.1,0.99,-0.02,0.13
21:25:13.125616,0.06,0.99,-0.02,0.13
21:25:13.143293,0.04,0.99,-0.02,0.13
21:25:13.158720,0.01,0.99,-0.01,0.14
21:25:13.175272,-0.03,0.99,-0.01,0.14
21:25:13.191979,-0.04,0.99,-0,0.14
21:25:13.208680,-0.08,0.99,-0,0.13
21:25:13.225253,-0.11,0.99,-0.01,0.13
21:25:13.241964,-0.13,0.98,-0,0.12
21:25:13.258652,-0.15,0.98,0,0.12
21:25:13.275572,-0.18,0.98,0.01,0.12
21:25:13.292162,-0.2,0.97,0.01,0.12
21:25:13.309162,-0.23,0.96,0.01,0.12
21:25:13.325541,-0.27,0.96,0.01,0.13
21:25:13.342044,-0.28,0.95,0.01,0.13
21:25:13.358734,-0.32,0.94,0.01,0.15
21:25:13.375393,-0.35,0.92,0.01,0.17
21:25:13.391970,-0.37,0.91,0.01,0.18
21:25:13.408723,-0.4,0.89,0.01,0.19
21:25:13.425245,-0.44,0.87,0.01,0.21
21:25:13.442022,-0.46,0.86,0.01,0.21
21:25:13.458674,-0.49,0.84,0.01,0.23
21:25:13.475217,-0.52,0.82,0.02,0.24
21:25:13.492040,-0.53,0.81,0.02,0.25
21:25:13.509186,-0.54,0.8,0.03,0.26
21:25:13.525770,-0.56,0.78,0.03,0.26
21:25:13.542216,-0.57,0.78,0.03,0.26
21:25:13.559094,-0.59,0.76,0.02,0.25
21:25:13.575403,-0.6,0.76,0.02,0.25
21:25:13.591960,-0.61,0.75,0.02,0.25
21:25:13.608741,-0.61,0.75,0.02,0.24
21:25:13.625402,-0.62,0.75,0.01,0.24
21:25:13.642115,-0.62,0.75,0.01,0.24
21:25:13.658772,-0.62,0.75,0.01,0.24
21:25:13.675364,-0.62,0.75,0.01,0.24
21:25:13.691948,-0.62,0.75,0,0.24
21:25:13.709160,-0.62,0.75,0,0.23
21:25:13.725567,-0.61,0.76,0.01,0.23
21:25:13.742193,-0.61,0.76,0.01,0.22
21:25:13.758779,-0.6,0.77,0.01,0.22
21:25:13.775299,-0.59,0.78,0.01,0.22
21:25:13.791979,-0.59,0.78,0,0.21
21:25:13.808631,-0.58,0.79,-0,0.21
21:25:13.825214,-0.58,0.79,-0,0.21
21:25:13.841965,-0.57,0.79,0,0.21
21:25:13.858507,-0.56,0.8,0.01,0.21
21:25:13.875300,-0.54,0.82,0.02,0.21
21:25:13.892015,-0.53,0.82,0.03,0.2
21:25:13.909011,-0.51,0.84,0.04,0.21
21:25:13.925588,-0.48,0.85,0.04,0.21
21:25:13.942090,-0.46,0.86,0.05,0.2
21:25:13.958712,-0.41,0.89,0.05,0.19
21:25:13.975252,-0.37,0.91,0.06,0.18
21:25:13.991972,-0.34,0.92,0.06,0.19
21:25:14.008639,-0.31,0.92,0.05,0.24
21:25:14.025316,-0.29,0.92,0.05,0.26
21:25:14.042083,-0.28,0.92,0.04,0.26
21:25:14.058814,-0.26,0.94,0.03,0.23
21:25:14.075216,-0.23,0.95,0.03,0.19
21:25:14.091988,-0.21,0.96,0.03,0.18
21:25:14.108584,-0.18,0.96,0.03,0.19
21:25:14.125760,-0.15,0.97,0.03,0.2
21:25:14.142266,-0.14,0.97,0.03,0.2
21:25:14.158793,-0.1,0.98,0.03,0.19
21:25:14.175398,-0.05,0.98,0.03,0.18
21:25:14.191953,-0.03,0.98,0.03,0.18
21:25:14.208649,0.02,0.98,0.04,0.18
21:25:14.225531,0.07,0.98,0.04,0.18
21:25:14.241987,0.1,0.98,0.04,0.17
21:25:14.258634,0.15,0.98,0.03,0.16
21:25:14.275411,0.2,0.97,0.02,0.14
21:25:14.291963,0.23,0.96,0.02,0.14
21:25:14.308651,0.29,0.95,0.02,0.13
21:25:14.326012,0.35,0.93,0.02,0.13
21:25:14.342730,0.37,0.92,0.01,0.13
21:25:14.358978,0.42,0.9,0,0.13
21:25:14.375535,0.45,0.89,-0.02,0.09
21:25:14.392063,0.47,0.88,-0.03,0.07
21:25:14.408699,0.51,0.86,-0.05,0.02
21:25:14.425296,0.56,0.83,-0.05,0
21:25:14.442004,0.59,0.81,-0.04,0
21:25:14.458710,0.63,0.78,-0.02,0.01
21:25:14.475336,0.66,0.75,0,0.03
21:25:14.492005,0.68,0.74,0,0.03
21:25:14.508513,0.71,0.71,0.01,0.02
21:25:14.525520,0.74,0.68,0.01,0.01
21:25:14.542557,0.75,0.66,0.01,0
21:25:14.559037,0.78,0.62,0.01,-0.01
21:25:14.575512,0.81,0.58,-0,-0.04
21:25:14.592198,0.83,0.56,-0.01,-0.05
21:25:14.608943,0.85,0.52,-0.03,-0.08
21:25:14.626025,0.88,0.46,-0.05,-0.1
21:25:14.642163,0.89,0.43,-0.06,-0.11
21:25:14.658785,0.92,0.37,-0.06,-0.12
21:25:14.675350,0.93,0.33,-0.06,-0.14
21:25:14.692097,0.94,0.3,-0.06,-0.14
21:25:14.708631,0.95,0.25,-0.07,-0.16
21:25:14.726303,0.96,0.19,-0.08,-0.17
21:25:14.742544,0.97,0.15,-0.09,-0.17
21:25:14.758901,0.98,0.08,-0.08,-0.16
21:25:14.775446,0.99,0.02,-0.04,-0.16
21:25:14.792121,0.99,0,-0.02,-0.16
21:25:14.808684,0.99,-0.04,0.02,-0.16
21:25:14.825293,0.98,-0.07,0.04,-0.16
21:25:14.841928,0.98,-0.1,0.04,-0.16
21:25:14.858676,0.98,-0.15,0.04,-0.15
21:25:14.875341,0.97,-0.2,0.08,-0.14
21:25:14.891948,0.96,-0.22,0.11,-0.14
21:25:14.908631,0.94,-0.26,0.17,-0.13
21:25:14.925247,0.92,-0.29,0.22,-0.13
21:25:14.941968,0.91,-0.31,0.23,-0.13
21:25:14.959157,0.9,-0.34,0.25,-0.14
21:25:14.975488,0.88,-0.39,0.24,-0.14
21:25:14.991931,0.87,-0.41,0.24,-0.15
21:25:15.008644,0.86,-0.44,0.22,-0.16
21:25:15.025286,0.85,-0.46,0.19,-0.17
21:25:15.041964,0.85,-0.46,0.18,-0.17
21:25:15.058671,0.84,-0.48,0.17,-0.19
21:25:15.075180,0.83,-0.5,0.15,-0.2
21:25:15.092031,0.82,-0.51,0.14,-0.2
21:25:15.108679,0.81,-0.54,0.12,-0.19
21:25:15.125255,0.8,-0.56,0.1,-0.18
21:25:15.142070,0.8,-0.57,0.09,-0.17
21:25:15.159249,0.78,-0.59,0.08,-0.16
21:25:15.175496,0.78,-0.61,0.08,-0.15
21:25:15.192163,0.75,-0.64,0.08,-0.13
21:25:15.208642,0.73,-0.67,0.07,-0.11
21:25:15.225491,0.72,-0.69,0.07,-0.1
21:25:15.241968,0.69,-0.72,0.06,-0.09
21:25:15.258639,0.66,-0.74,0.06,-0.09
21:25:15.275183,0.65,-0.76,0.06,-0.08
21:25:15.292170,0.62,-0.78,0.05,-0.08
21:25:15.308935,0.6,-0.8,0.03,-0.07
21:25:15.325817,0.59,-0.81,0.02,-0.06
21:25:15.342685,0.57,-0.82,0.01,-0.05
21:25:15.359242,0.55,-0.83,0.01,-0.05
21:25:15.375895,0.54,-0.84,0.01,-0.05
21:25:15.392210,0.52,-0.86,0,-0.05
21:25:15.408834,0.49,-0.87,0.01,-0.04
21:25:15.425431,0.47,-0.88,0.01,-0.04
21:25:15.442070,0.45,-0.89,0.01,-0.03
21:25:15.459127,0.42,-0.91,0.01,-0.03
21:25:15.475794,0.41,-0.91,0.02,-0.03
21:25:15.492664,0.38,-0.92,0.02,-0.02
21:25:15.509300,0.36,-0.93,0.03,-0.02
21:25:15.525827,0.35,-0.94,0.04,-0.02
21:25:15.542411,0.33,-0.94,0.04,-0.03
21:25:15.559800,0.31,-0.95,0.04,-0.04
21:25:15.576157,0.28,-0.96,0.04,-0.05
21:25:15.592338,0.27,-0.96,0.04,-0.05
21:25:15.609164,0.24,-0.97,0.04,-0.06
21:25:15.625722,0.22,-0.97,0.04,-0.07
21:25:15.642292,0.21,-0.98,0.04,-0.07
21:25:15.659058,0.19,-0.98,0.04,-0.08
21:25:15.675366,0.17,-0.98,0.04,-0.08
21:25:15.691959,0.15,-0.98,0.04,-0.08
21:25:15.708665,0.12,-0.99,0.05,-0.08
21:25:15.725279,0.11,-0.99,0.05,-0.08
21:25:15.742138,0.1,-0.99,0.05,-0.08
21:25:15.758960,0.08,-0.99,0.06,-0.08
21:25:15.775676,0.07,-0.99,0.06,-0.07
21:25:15.792222,0.05,-0.99,0.07,-0.06
21:25:15.808729,0.04,-1,0.08,-0.05
21:25:15.825369,0.03,-1,0.08,-0.04
21:25:15.842017,0.02,-1,0.08,-0.03
21:25:15.858652,0.01,-1,0.09,-0.03
21:25:15.875307,0.01,-1,0.09,-0.03
21:25:15.892120,0,-1,0.09,-0.03
21:25:15.908755,-0,-1,0.09,-0.03
21:25:15.925362,-0,-1,0.08,-0.03
21:25:15.941991,-0,-1,0.08,-0.04
21:25:15.958678,-0,-1,0.08,-0.04
21:25:15.976143,-0,-1,0.08,-0.04
21:25:15.992241,-0,-1,0.07,-0.04
21:25:16.008843,0,-1,0.07,-0.05
21:25:16.025496,0.01,-1,0.07,-0.05
21:25:16.042085,0.01,-1,0.06,-0.05
21:25:16.058664,0.02,-1,0.07,-0.05
21:25:16.075247,0.03,-1,0.07,-0.05
21:25:16.091954,0.04,-1,0.07,-0.05
21:25:16.108654,0.05,-0.99,0.07,-0.05
21:25:16.125295,0.06,-0.99,0.07,-0.05
21:25:16.141987,0.08,-0.99,0.06,-0.05
21:25:16.158754,0.1,-0.99,0.06,-0.04
21:25:16.175260,0.11,-0.99,0.06,-0.04
21:25:16.192550,0.13,-0.99,0.05,-0.04
21:25:16.208910,0.17,-0.98,0.03,-0.03
21:25:16.225474,0.2,-0.98,0.03,-0.03
21:25:16.242117,0.25,-0.97,0.02,-0.03
21:25:16.258692,0.29,-0.95,0.04,-0.05
21:25:16.275360,0.31,-0.95,0.06,-0.06
21:25:16.292085,0.35,-0.93,0.08,-0.08
21:25:16.308619,0.39,-0.91,0.08,-0.09
21:25:16.325304,0.41,-0.91,0.08,-0.09
21:25:16.341977,0.45,-0.89,0.07,-0.09
21:25:16.358625,0.48,-0.87,0.08,-0.09
21:25:16.375614,0.5,-0.86,0.08,-0.09
21:25:16.392787,0.52,-0.84,0.09,-0.09
21:25:16.409393,0.55,-0.83,0.09,-0.08
21:25:16.425716,0.56,-0.82,0.09,-0.08
21:25:16.442061,0.59,-0.8,0.1,-0.08
21:25:16.458670,0.62,-0.78,0.11,-0.08
21:25:16.475244,0.63,-0.76,0.11,-0.08
21:25:16.491898,0.66,-0.74,0.11,-0.08
21:25:16.508632,0.7,-0.71,0.11,-0.07
21:25:16.525347,0.71,-0.69,0.11,-0.06
21:25:16.542269,0.75,-0.65,0.12,-0.06
21:25:16.558844,0.78,-0.61,0.13,-0.06
21:25:16.575370,0.8,-0.58,0.13,-0.06
21:25:16.592723,0.83,-0.54,0.12,-0.06
21:25:16.608999,0.85,-0.5,0.12,-0.06
21:25:16.625600,0.87,-0.48,0.11,-0.05
21:25:16.642241,0.89,-0.45,0.1,-0.04
21:25:16.658740,0.91,-0.41,0.09,-0.03
21:25:16.675304,0.91,-0.4,0.09,-0.03
21:25:16.692040,0.92,-0.37,0.09,-0.03
21:25:16.708584,0.93,-0.35,0.08,-0.02
21:25:16.725322,0.94,-0.34,0.08,-0.01
21:25:16.741977,0.94,-0.32,0.07,-0.01
21:25:16.758595,0.95,-0.3,0.07,-0.01
21:25:16.775277,0.96,-0.28,0.07,-0.01
21:25:16.791943,0.97,-0.25,0.06,-0
21:25:16.809204,0.97,-0.22,0.06,0
21:25:16.825621,0.98,-0.21,0.06,0
21:25:16.842001,0.98,-0.2,0.06,0
21:25:16.858610,0.98,-0.18,0.06,0.01
21:25:16.875251,0.98,-0.17,0.06,0.01
21:25:16.891863,0.99,-0.16,0.07,0.01
21:25:16.908623,0.99,-0.14,0.07,0.01
21:25:16.925215,0.99,-0.14,0.06,0.01
21:25:16.941956,0.99,-0.13,0.06,0.01
21:25:16.958646,0.99,-0.12,0.06,0
21:25:16.975168,0.99,-0.12,0.06,0
21:25:16.991907,0.99,-0.11,0.06,-0
21:25:17.008975,0.99,-0.1,0.06,-0.01
21:25:17.025548,0.99,-0.1,0.05,-0.01
21:25:17.042003,0.99,-0.09,0.05,-0.02
21:25:17.058670,0.99,-0.09,0.05,-0.02
21:25:17.075202,1,-0.08,0.04,-0.021
21:25:17.091877,1,-0.08,0.01,-0.021
21:25:17.108537,1,-0.07,0.01,-0.03
21:25:17.125244,1,-0.07,0,-0.031
21:25:17.142035,1,-0.07,0,-0.031
21:25:17.158719,1,-0.07,0,-0.02
21:25:17.175156,1,-0.07,0,-0.021
21:25:17.191953,1,-0.07,0,-0.031
21:25:17.208706,1,-0.06,0,-0.03
21:25:17.225852,1,-0.06,0,-0.031
21:25:17.242260,1,-0.06,0,-0.031
21:25:17.258739,1,-0.06,0,-0.03
21:25:17.275318,1,-0.06,0,-0.031
21:25:17.292096,1,-0.06,0.01,-0.031
21:25:17.308630,1,-0.06,0.01,-0.03
21:25:17.325154,1,-0.06,0.01,-0.031
21:25:17.341963,1,-0.06,0.01,-0.031
21:25:17.358541,1,-0.06,0.01,-0.03
21:25:17.375283,1,-0.05,0.01,-0.031
21:25:17.391987,1,-0.04,0.01,-0.031
21:25:17.409354,1,-0.04,0.01,-0.03
21:25:17.425830,1,-0.04,0.01,-0.031
21:25:17.442335,1,-0.04,0.01,-0.031
21:25:17.458817,1,-0.03,0.01,-0.03
21:25:17.475429,1,-0.03,0.02,-0.031
21:25:17.492470,1,-0.03,0.02,-0.031
21:25:17.508641,1,-0.02,0.02,-0.03
21:25:17.525524,1,-0.02,0.01,-0.031
21:25:17.542133,1,-0.02,0.01,-0.031
21:25:17.558816,1,-0.01,0.01,-0.03
21:25:17.575369,1,-0.01,0.01,-0.031
21:25:17.592049,1,-0.01,0.01,-0.031
21:25:17.608765,1,0,0.01,-0.03
21:25:17.625396,1,0.01,0.01,-0.031
21:25:17.642736,1,0.02,0.01,-0.031
21:25:17.659159,1,0.02,0,-0.03
21:25:17.675510,1,0.02,0.01,-0.031
21:25:17.692193,1,0.02,0.01,-0.031
21:25:17.708755,1,0.02,0.01,-0.03
21:25:17.725314,1,0.03,0.01,-0.031
21:25:17.741996,1,0.03,0.01,-0.031
21:25:17.758758,1,0.02,0,-0.03
21:25:17.775323,1,0.02,0,-0.031
21:25:17.791984,1,0.02,0,-0.031
21:25:17.808626,1,0.02,0,-0.03
21:25:17.825171,1,0.02,0,-0.031
21:25:17.842506,1,0.02,0,-0.031
21:25:17.858983,1,0.03,0.01,-0.03
21:25:17.875321,1,0.03,0.01,-0.031
21:25:17.892810,1,0.03,0.01,-0.031
21:25:17.908674,1,0.03,0.01,-0.03
21:25:17.925301,1,0.03,0.01,-0.031
21:25:17.942022,1,0.03,0.01,-0.031
21:25:17.958621,1,0.04,0.01,-0.03
21:25:17.975266,1,0.04,0.02,-0.031
21:25:17.992027,1,0.04,0.02,-0.031
21:25:18.008618,1,0.04,0.02,-0.03
21:25:18.025308,1,0.04,0.02,-0.031
21:25:18.042510,1,0.04,0.02,-0.031
21:25:18.058827,1,0.04,0.02,-0.03
21:25:18.075389,1,0.04,0.01,-0.03
